3.992095e+002,0.000000e+000
4.001737e+002,0.000000e+000
4.011380e+002,0.000000e+000
4.021023e+002,0.000000e+000
4.030666e+002,0.000000e+000
4.040309e+002,0.000000e+000
4.049951e+002,0.000000e+000
4.059594e+002,0.000000e+000
4.069237e+002,0.000000e+000
4.078879e+002,0.000000e+000
4.088522e+002,0.000000e+000
4.098165e+002,0.000000e+000
4.107808e+002,0.000000e+000
4.117450e+002,0.000000e+000
4.127093e+002,0.000000e+000
4.136736e+002,0.000000e+000
4.146378e+002,0.000000e+000
4.156021e+002,0.000000e+000
4.165664e+002,0.000000e+000
4.175307e+002,0.000000e+000
4.184950e+002,0.000000e+000
4.194592e+002,0.000000e+000
4.204235e+002,0.000000e+000
4.213878e+002,0.000000e+000
4.223521e+002,0.000000e+000
4.233163e+002,0.000000e+000
4.242806e+002,0.000000e+000
4.252449e+002,0.000000e+000
4.262091e+002,0.000000e+000
4.271734e+002,0.000000e+000
4.281377e+002,0.000000e+000
4.291020e+002,0.000000e+000
4.300663e+002,0.000000e+000
4.310305e+002,0.000000e+000
4.319948e+002,0.000000e+000
4.329591e+002,0.000000e+000
4.339233e+002,0.000000e+000
4.348876e+002,0.000000e+000
4.358519e+002,0.000000e+000
4.368162e+002,0.000000e+000
4.377804e+002,0.000000e+000
4.387447e+002,0.000000e+000
4.397090e+002,0.000000e+000
4.406732e+002,0.000000e+000
4.416375e+002,0.000000e+000
4.426018e+002,0.000000e+000
4.435661e+002,0.000000e+000
4.445304e+002,0.000000e+000
4.454946e+002,0.000000e+000
4.464589e+002,0.000000e+000
4.474232e+002,0.000000e+000
4.483875e+002,0.000000e+000
4.493517e+002,0.000000e+000
4.503160e+002,0.000000e+000
4.512803e+002,0.000000e+000
4.522445e+002,0.000000e+000
4.532088e+002,0.000000e+000
4.541731e+002,0.000000e+000
4.551374e+002,0.000000e+000
4.561017e+002,0.000000e+000
4.570659e+002,0.000000e+000
4.580302e+002,0.000000e+000
4.589945e+002,0.000000e+000
4.599587e+002,0.000000e+000
4.609230e+002,0.000000e+000
4.618873e+002,0.000000e+000
4.628516e+002,0.000000e+000
4.638158e+002,0.000000e+000
4.647801e+002,0.000000e+000
4.657444e+002,0.000000e+000
4.667086e+002,0.000000e+000
4.676729e+002,0.000000e+000
4.686372e+002,0.000000e+000
4.696015e+002,0.000000e+000
4.705658e+002,0.000000e+000
4.715300e+002,0.000000e+000
4.724943e+002,0.000000e+000
4.734586e+002,0.000000e+000
4.744229e+002,0.000000e+000
4.753871e+002,0.000000e+000
4.763514e+002,0.000000e+000
4.773157e+002,0.000000e+000
4.782799e+002,0.000000e+000
4.792442e+002,0.000000e+000
4.802085e+002,0.000000e+000
4.811728e+002,0.000000e+000
4.821371e+002,0.000000e+000
4.831013e+002,0.000000e+000
4.840656e+002,0.000000e+000
4.850299e+002,0.000000e+000
4.859941e+002,0.000000e+000
4.869584e+002,0.000000e+000
4.879227e+002,0.000000e+000
4.888870e+002,0.000000e+000
4.898512e+002,0.000000e+000
4.908155e+002,0.000000e+000
4.917798e+002,0.000000e+000
4.927440e+002,0.000000e+000
4.937083e+002,0.000000e+000
4.946726e+002,0.000000e+000
4.956369e+002,0.000000e+000
4.966012e+002,0.000000e+000
4.975654e+002,0.000000e+000
4.985297e+002,0.000000e+000
4.994940e+002,0.000000e+000
5.004583e+002,0.000000e+000
5.014225e+002,0.000000e+000
5.023868e+002,0.000000e+000
5.033511e+002,0.000000e+000
5.043153e+002,0.000000e+000
5.052796e+002,0.000000e+000
5.062439e+002,0.000000e+000
5.072082e+002,0.000000e+000
5.081725e+002,0.000000e+000
5.091367e+002,0.000000e+000
5.101010e+002,0.000000e+000
5.110653e+002,0.000000e+000
5.120295e+002,0.000000e+000
5.129938e+002,0.000000e+000
5.139581e+002,0.000000e+000
5.149224e+002,0.000000e+000
5.158867e+002,0.000000e+000
5.168509e+002,0.000000e+000
5.178152e+002,0.000000e+000
5.187795e+002,0.000000e+000
5.197437e+002,0.000000e+000
5.207080e+002,0.000000e+000
5.216723e+002,0.000000e+000
5.226365e+002,0.000000e+000
5.236008e+002,0.000000e+000
5.245651e+002,0.000000e+000
5.255294e+002,0.000000e+000
5.264937e+002,0.000000e+000
5.274579e+002,0.000000e+000
5.284222e+002,0.000000e+000
5.293865e+002,0.000000e+000
5.303508e+002,0.000000e+000
5.313150e+002,0.000000e+000
5.322793e+002,0.000000e+000
5.332436e+002,0.000000e+000
5.342078e+002,0.000000e+000
5.351721e+002,0.000000e+000
5.361364e+002,0.000000e+000
5.371006e+002,0.000000e+000
5.380649e+002,0.000000e+000
5.390292e+002,0.000000e+000
5.399935e+002,0.000000e+000
5.409578e+002,0.000000e+000
5.419221e+002,0.000000e+000
5.428863e+002,0.000000e+000
5.438506e+002,0.000000e+000
5.448149e+002,0.000000e+000
5.457791e+002,0.000000e+000
5.467434e+002,0.000000e+000
5.477077e+002,0.000000e+000
5.486719e+002,0.000000e+000
5.496362e+002,0.000000e+000
5.506005e+002,0.000000e+000
5.515648e+002,0.000000e+000
5.525291e+002,0.000000e+000
5.534933e+002,0.000000e+000
5.544576e+002,0.000000e+000
5.554219e+002,0.000000e+000
5.563862e+002,0.000000e+000
5.573504e+002,0.000000e+000
5.583147e+002,0.000000e+000
5.592790e+002,0.000000e+000
5.602432e+002,0.000000e+000
5.612075e+002,0.000000e+000
5.621718e+002,0.000000e+000
5.631360e+002,0.000000e+000
5.641003e+002,0.000000e+000
5.650646e+002,0.000000e+000
5.660289e+002,0.000000e+000
5.669932e+002,0.000000e+000
5.679575e+002,0.000000e+000
5.689217e+002,0.000000e+000
5.698860e+002,0.000000e+000
5.708503e+002,0.000000e+000
5.718145e+002,0.000000e+000
5.727788e+002,0.000000e+000
5.737431e+002,0.000000e+000
5.747073e+002,0.000000e+000
5.756716e+002,0.000000e+000
5.766359e+002,0.000000e+000
5.776002e+002,0.000000e+000
5.785645e+002,0.000000e+000
5.795287e+002,0.000000e+000
5.804930e+002,0.000000e+000
5.814573e+002,0.000000e+000
5.824216e+002,0.000000e+000
5.833858e+002,0.000000e+000
5.843501e+002,0.000000e+000
5.853144e+002,0.000000e+000
5.862786e+002,0.000000e+000
5.872429e+002,0.000000e+000
5.882072e+002,0.000000e+000
5.891714e+002,0.000000e+000
5.901357e+002,0.000000e+000
5.911000e+002,0.000000e+000
5.920643e+002,0.000000e+000
5.930286e+002,0.000000e+000
5.939929e+002,0.000000e+000
5.949571e+002,0.000000e+000
5.959214e+002,0.000000e+000
5.968857e+002,0.000000e+000
5.978499e+002,0.000000e+000
5.988142e+002,0.000000e+000
5.997785e+002,0.000000e+000
6.007427e+002,0.000000e+000
6.017070e+002,0.000000e+000
6.026713e+002,0.000000e+000
6.036356e+002,0.000000e+000
6.045999e+002,0.000000e+000
6.055641e+002,0.000000e+000
6.065284e+002,0.000000e+000
6.074927e+002,0.000000e+000
6.084570e+002,0.000000e+000
6.094212e+002,0.000000e+000
6.103855e+002,0.000000e+000
6.113498e+002,0.000000e+000
6.123140e+002,0.000000e+000
6.132783e+002,0.000000e+000
6.142426e+002,0.000000e+000
6.152068e+002,0.000000e+000
6.161711e+002,0.000000e+000
6.171354e+002,0.000000e+000
6.180997e+002,0.000000e+000
6.190640e+002,0.000000e+000
6.200283e+002,0.000000e+000
6.209925e+002,0.000000e+000
6.219568e+002,0.000000e+000
6.229211e+002,0.000000e+000
6.238853e+002,0.000000e+000
6.248496e+002,0.000000e+000
6.258139e+002,0.000000e+000
6.267781e+002,0.000000e+000
6.277424e+002,0.000000e+000
6.287067e+002,0.000000e+000
6.296710e+002,0.000000e+000
6.306353e+002,0.000000e+000
6.315995e+002,0.000000e+000
6.325638e+002,0.000000e+000
6.335281e+002,0.000000e+000
6.344924e+002,0.000000e+000
6.354566e+002,0.000000e+000
6.364209e+002,0.000000e+000
6.373852e+002,0.000000e+000
6.383494e+002,0.000000e+000
6.393137e+002,0.000000e+000
6.402780e+002,0.000000e+000
6.412422e+002,0.000000e+000
6.422065e+002,0.000000e+000
6.431708e+002,0.000000e+000
6.441351e+002,0.000000e+000
6.450994e+002,0.000000e+000
6.460636e+002,0.000000e+000
6.470279e+002,0.000000e+000
6.479922e+002,0.000000e+000
6.489564e+002,0.000000e+000
6.499207e+002,0.000000e+000
6.508850e+002,0.000000e+000
6.518492e+002,0.000000e+000
6.528135e+002,0.000000e+000
6.537778e+002,0.000000e+000
6.547421e+002,0.000000e+000
6.557064e+002,0.000000e+000
6.566707e+002,0.000000e+000
6.576349e+002,0.000000e+000
6.585992e+002,0.000000e+000
6.595635e+002,0.000000e+000
6.605277e+002,0.000000e+000
6.614920e+002,0.000000e+000
6.624563e+002,0.000000e+000
6.634205e+002,0.000000e+000
6.643848e+002,0.000000e+000
6.653491e+002,0.000000e+000
6.663134e+002,0.000000e+000
6.672776e+002,0.000000e+000
6.682419e+002,0.000000e+000
6.692062e+002,0.000000e+000
6.701705e+002,0.000000e+000
6.711348e+002,0.000000e+000
6.720990e+002,0.000000e+000
6.730633e+002,0.000000e+000
6.740276e+002,0.000000e+000
6.749918e+002,8.520620e-002
6.759561e+002,8.729529e-002
6.769204e+002,8.506415e-002
6.778846e+002,8.135314e-002
6.788489e+002,8.185746e-002
6.798132e+002,8.337306e-002
6.807775e+002,8.285505e-002
6.817418e+002,8.465849e-002
6.827061e+002,8.699096e-002
6.836703e+002,8.638006e-002
6.846346e+002,8.497255e-002
6.855989e+002,8.712222e-002
6.865631e+002,8.875231e-002
6.875274e+002,8.645660e-002
6.884917e+002,8.600444e-002
6.894559e+002,8.862583e-002
6.904202e+002,9.087694e-002
6.913845e+002,8.963431e-002
6.923488e+002,8.815549e-002
6.933130e+002,9.023613e-002
6.942773e+002,9.331091e-002
6.952416e+002,9.237576e-002
6.962059e+002,9.013475e-002
6.971702e+002,9.044693e-002
6.981344e+002,9.145486e-002
6.990987e+002,9.148123e-002
7.000630e+002,9.228741e-002
7.010272e+002,9.528258e-002
7.019915e+002,9.746519e-002
7.029558e+002,9.646827e-002
7.039200e+002,9.687117e-002
7.048843e+002,9.986667e-002
7.058486e+002,1.019057e-001
7.068129e+002,1.004746e-001
7.077772e+002,1.014015e-001
7.087415e+002,1.037836e-001
7.097057e+002,1.039237e-001
7.106700e+002,1.022293e-001
7.116343e+002,1.005398e-001
7.125985e+002,1.025747e-001
7.135628e+002,1.049001e-001
7.145271e+002,1.045873e-001
7.154913e+002,1.076742e-001
7.164556e+002,1.122992e-001
7.174199e+002,1.140045e-001
7.183842e+002,1.149420e-001
7.193484e+002,1.189939e-001
7.203127e+002,1.236995e-001
7.212770e+002,1.261114e-001
7.222413e+002,1.268246e-001
7.232056e+002,1.287220e-001
7.241698e+002,1.326181e-001
7.251341e+002,1.361024e-001
7.260984e+002,1.386786e-001
7.270626e+002,1.443963e-001
7.280269e+002,1.533760e-001
7.289912e+002,1.622533e-001
7.299554e+002,1.741628e-001
7.309197e+002,1.912992e-001
7.318840e+002,2.103284e-001
7.328483e+002,2.271572e-001
7.338126e+002,2.386831e-001
7.347769e+002,2.475713e-001
7.357411e+002,2.533156e-001
7.367054e+002,2.485721e-001
7.376697e+002,2.345691e-001
7.386339e+002,2.206757e-001
7.395982e+002,2.077544e-001
7.405625e+002,1.939566e-001
7.415267e+002,1.817164e-001
7.424910e+002,1.750037e-001
7.434553e+002,1.720884e-001
7.444196e+002,1.681299e-001
7.453839e+002,1.663027e-001
7.463481e+002,1.690923e-001
7.473124e+002,1.734588e-001
7.482767e+002,1.804430e-001
7.492410e+002,1.914450e-001
7.502052e+002,2.079483e-001
7.511695e+002,2.279039e-001
7.521338e+002,2.496148e-001
7.530980e+002,2.738969e-001
7.540623e+002,2.988640e-001
7.550266e+002,3.195008e-001
7.559908e+002,3.338801e-001
7.569551e+002,3.408149e-001
7.579194e+002,3.434868e-001
7.588837e+002,3.437944e-001
7.598480e+002,3.351430e-001
7.608123e+002,3.169074e-001
7.617765e+002,2.995802e-001
7.627408e+002,2.861788e-001
7.637051e+002,2.710494e-001
7.646693e+002,2.514313e-001
7.656336e+002,2.316628e-001
7.665979e+002,2.115352e-001
7.675621e+002,1.909842e-001
7.685264e+002,1.716105e-001
7.694907e+002,1.557102e-001
7.704550e+002,1.411743e-001
7.714193e+002,1.270437e-001
7.723835e+002,1.162494e-001
7.733478e+002,1.095163e-001
7.743121e+002,1.043147e-001
7.752764e+002,9.865978e-002
7.762406e+002,9.440383e-002
7.772049e+002,9.447030e-002
7.781692e+002,9.343617e-002
7.791334e+002,8.921056e-002
7.800977e+002,8.772808e-002
7.810620e+002,9.003576e-002
7.820262e+002,9.122918e-002
7.829905e+002,9.124006e-002
7.839548e+002,9.242631e-002
7.849191e+002,9.345684e-002
7.858834e+002,9.398952e-002
7.868477e+002,9.436472e-002
7.878119e+002,9.489740e-002
7.887762e+002,9.796549e-002
7.897405e+002,1.015510e-001
7.907047e+002,1.037301e-001
7.916690e+002,1.070440e-001
7.926333e+002,1.111857e-001
7.935975e+002,1.138108e-001
7.945618e+002,1.145049e-001
7.955261e+002,1.157245e-001
7.964904e+002,1.164430e-001
7.974547e+002,1.140117e-001
7.984189e+002,1.109527e-001
7.993832e+002,1.088907e-001
8.003475e+002,1.068379e-001
8.013118e+002,1.046236e-001
8.022760e+002,1.023951e-001
8.032403e+002,1.019598e-001
8.042046e+002,1.022326e-001
8.051688e+002,1.009366e-001
8.061331e+002,1.003977e-001
8.070974e+002,1.025461e-001
8.080616e+002,1.049756e-001
8.090259e+002,1.065588e-001
8.099902e+002,1.105803e-001
8.109545e+002,1.182733e-001
8.119188e+002,1.268300e-001
8.128831e+002,1.351482e-001
8.138473e+002,1.439977e-001
8.148116e+002,1.518406e-001
8.157759e+002,1.578863e-001
8.167401e+002,1.585104e-001
8.177044e+002,1.537962e-001
8.186687e+002,1.465252e-001
8.196329e+002,1.396015e-001
8.205972e+002,1.331074e-001
8.215615e+002,1.286669e-001
8.225258e+002,1.270062e-001
8.234901e+002,1.243272e-001
8.244543e+002,1.215633e-001
8.254186e+002,1.221122e-001
8.263829e+002,1.250537e-001
8.273472e+002,1.276182e-001
8.283114e+002,1.268123e-001
8.292757e+002,1.258223e-001
8.302400e+002,1.267518e-001
8.312042e+002,1.281310e-001
8.321685e+002,1.270995e-001
8.331328e+002,1.268046e-001
8.340970e+002,1.276632e-001
8.350613e+002,1.262511e-001
8.360256e+002,1.251175e-001
8.369899e+002,1.250541e-001
8.379542e+002,1.257357e-001
8.389185e+002,1.250277e-001
8.398827e+002,1.241394e-001
8.408470e+002,1.248501e-001
8.418113e+002,1.257542e-001
8.427755e+002,1.257915e-001
8.437398e+002,1.230875e-001
8.447041e+002,1.207483e-001
8.456683e+002,1.214628e-001
8.466326e+002,1.213320e-001
8.475969e+002,1.203104e-001
8.485612e+002,1.202345e-001
8.495255e+002,1.205667e-001
8.504897e+002,1.209770e-001
8.514540e+002,1.211657e-001
8.524183e+002,1.235573e-001
8.533826e+002,1.293105e-001
8.543468e+002,1.357545e-001
8.553111e+002,1.425675e-001
8.562754e+002,1.503914e-001
8.572396e+002,1.596685e-001
8.582039e+002,1.697637e-001
8.591682e+002,1.756556e-001
8.601324e+002,1.780068e-001
8.610967e+002,1.776260e-001
8.620610e+002,1.745011e-001
8.630253e+002,1.677870e-001
8.639896e+002,1.605980e-001
8.649539e+002,1.539454e-001
8.659181e+002,1.457549e-001
8.668824e+002,1.365938e-001
8.678467e+002,1.277156e-001
8.688109e+002,1.179905e-001
8.697752e+002,1.082397e-001
8.707395e+002,1.003520e-001
8.717037e+002,9.415494e-002
8.726680e+002,8.739901e-002
8.736323e+002,8.063525e-002
8.745966e+002,7.467171e-002
8.755609e+002,7.112353e-002
8.765251e+002,6.804474e-002
8.774894e+002,6.486949e-002
8.784537e+002,6.273226e-002
8.794180e+002,6.172227e-002
8.803822e+002,6.020042e-002
8.813465e+002,5.807155e-002
8.823108e+002,5.721084e-002
8.832750e+002,5.776700e-002
8.842393e+002,5.784103e-002
8.852036e+002,5.761147e-002
8.861678e+002,5.649151e-002
8.871321e+002,5.469439e-002
8.880964e+002,5.276570e-002
8.890607e+002,5.032480e-002
8.900250e+002,4.971986e-002
8.909893e+002,4.987118e-002
8.919535e+002,4.848165e-002
8.929178e+002,4.726387e-002
8.938821e+002,4.668727e-002
8.948463e+002,4.602091e-002
8.958106e+002,4.539236e-002
8.967749e+002,4.425525e-002
8.977391e+002,4.443136e-002
8.987034e+002,4.592397e-002
8.996677e+002,4.567525e-002
9.006320e+002,4.469714e-002
9.015963e+002,4.398894e-002
9.025605e+002,4.279549e-002
9.035248e+002,4.211357e-002
9.044891e+002,4.281681e-002
9.054534e+002,4.326671e-002
9.064176e+002,4.430662e-002
9.073819e+002,4.483796e-002
9.083462e+002,4.430901e-002
9.093104e+002,4.352551e-002
9.102747e+002,4.350613e-002
9.112390e+002,4.470305e-002
9.122032e+002,4.546321e-002
9.131675e+002,4.570824e-002
9.141318e+002,4.607875e-002
9.150961e+002,4.605186e-002
9.160604e+002,4.515781e-002
9.170247e+002,4.491633e-002
9.179889e+002,4.487481e-002
9.189532e+002,4.400658e-002
9.199175e+002,4.408003e-002
9.208817e+002,4.535756e-002
9.218460e+002,4.624030e-002
9.228103e+002,4.588835e-002
9.237745e+002,4.547020e-002
9.247388e+002,4.540222e-002
9.257031e+002,4.477037e-002
9.266674e+002,4.432783e-002
9.276317e+002,4.445210e-002
9.285959e+002,4.421017e-002
9.295602e+002,4.421130e-002
9.305245e+002,4.453847e-002
9.314888e+002,4.510421e-002
9.324530e+002,4.563219e-002
9.334173e+002,4.587053e-002
9.343816e+002,4.626577e-002
9.353458e+002,4.642754e-002
9.363101e+002,4.614202e-002
9.372744e+002,4.597000e-002
9.382386e+002,4.577538e-002
9.392029e+002,4.620868e-002
9.401672e+002,4.687293e-002
9.411315e+002,4.760167e-002
9.420958e+002,4.818951e-002
9.430601e+002,4.822043e-002
9.440243e+002,4.812196e-002
9.449886e+002,4.906768e-002
9.459529e+002,4.955460e-002
9.469171e+002,4.950368e-002
9.478814e+002,4.903938e-002
9.488457e+002,4.815286e-002
9.498099e+002,4.717772e-002
9.507742e+002,4.670645e-002
9.517385e+002,4.661430e-002
9.527028e+002,4.694096e-002
9.536671e+002,4.747690e-002
9.546313e+002,4.711701e-002
9.555956e+002,4.656605e-002
9.565599e+002,4.714799e-002
9.575242e+002,4.766696e-002
9.584884e+002,4.813576e-002
9.594527e+002,4.909291e-002
9.604170e+002,5.021856e-002
9.613812e+002,5.143451e-002
9.623455e+002,5.228399e-002
9.633098e+002,5.305815e-002
9.642740e+002,5.422432e-002
9.652383e+002,5.543378e-002
9.662026e+002,5.617392e-002
9.671669e+002,5.634572e-002
9.681312e+002,5.649177e-002
9.690955e+002,5.689741e-002
9.700597e+002,5.673271e-002
9.710240e+002,5.734270e-002
9.719883e+002,5.818523e-002
9.729525e+002,5.802800e-002
9.739168e+002,5.783770e-002
9.748811e+002,5.815102e-002
9.758453e+002,5.912623e-002
9.768096e+002,5.976089e-002
9.777739e+002,5.979131e-002
9.787382e+002,6.066634e-002
9.797025e+002,6.055997e-002
9.806667e+002,6.057951e-002
9.816310e+002,6.153370e-002
9.825953e+002,6.267943e-002
9.835596e+002,6.343207e-002
9.845238e+002,6.457694e-002
9.854881e+002,6.541067e-002
9.864524e+002,6.637821e-002
9.874166e+002,6.863350e-002
9.883809e+002,7.183633e-002
9.893452e+002,7.537295e-002
9.903094e+002,7.827924e-002
9.912737e+002,8.160944e-002
9.922380e+002,8.837080e-002
9.932023e+002,9.821144e-002
9.941666e+002,1.106225e-001
9.951309e+002,1.258070e-001
9.960951e+002,1.432643e-001
9.970594e+002,1.622736e-001
9.980237e+002,1.780238e-001
9.989879e+002,1.873233e-001
9.999522e+002,1.871748e-001
1.000917e+003,1.780412e-001
1.001881e+003,1.625316e-001
1.002845e+003,1.419394e-001
1.003809e+003,1.210919e-001
1.004774e+003,1.037050e-001
1.005738e+003,8.966518e-002
1.006702e+003,7.916835e-002
1.007666e+003,7.201045e-002
1.008631e+003,6.786735e-002
1.009595e+003,6.582183e-002
1.010559e+003,6.529347e-002
1.011523e+003,6.414613e-002
1.012488e+003,6.286091e-002
1.013452e+003,6.115965e-002
1.014416e+003,5.960849e-002
1.015381e+003,5.828404e-002
1.016345e+003,5.705835e-002
1.017309e+003,5.791012e-002
1.018273e+003,5.980876e-002
1.019238e+003,6.114466e-002
1.020202e+003,6.222688e-002
1.021166e+003,6.393821e-002
1.022130e+003,6.651938e-002
1.023095e+003,6.913323e-002
1.024059e+003,7.210854e-002
1.025023e+003,7.590733e-002
1.025988e+003,7.882655e-002
1.026952e+003,8.137780e-002
1.027916e+003,8.588053e-002
1.028880e+003,9.283810e-002
1.029845e+003,1.011528e-001
1.030809e+003,1.106619e-001
1.031773e+003,1.199358e-001
1.032738e+003,1.267423e-001
1.033702e+003,1.269307e-001
1.034666e+003,1.199295e-001
1.035630e+003,1.103611e-001
1.036595e+003,1.014111e-001
1.037559e+003,9.478771e-002
1.038523e+003,9.084300e-002
1.039487e+003,8.637708e-002
1.040452e+003,7.954806e-002
1.041416e+003,7.293607e-002
1.042380e+003,6.665070e-002
1.043344e+003,6.063247e-002
1.044309e+003,5.639412e-002
1.045273e+003,5.376120e-002
1.046237e+003,5.217177e-002
1.047202e+003,5.046538e-002
1.048166e+003,4.903233e-002
1.049130e+003,4.732782e-002
1.050094e+003,4.698360e-002
1.051059e+003,4.652559e-002
1.052023e+003,4.616730e-002
1.052987e+003,4.590146e-002
1.053952e+003,4.571210e-002
1.054916e+003,4.673837e-002
1.055880e+003,4.730278e-002
1.056844e+003,4.717459e-002
1.057809e+003,4.769669e-002
1.058773e+003,4.849217e-002
1.059737e+003,4.914277e-002
1.060701e+003,5.087716e-002
1.061666e+003,5.335335e-002
1.062630e+003,5.629792e-002
1.063594e+003,6.057167e-002
1.064559e+003,6.768025e-002
1.065523e+003,7.799496e-002
1.066487e+003,9.061997e-002
1.067451e+003,1.014792e-001
1.068416e+003,1.047235e-001
1.069380e+003,9.823254e-002
1.070344e+003,8.567417e-002
1.071308e+003,7.315510e-002
1.072273e+003,6.370110e-002
1.073237e+003,5.810208e-002
1.074201e+003,5.675657e-002
1.075166e+003,5.742291e-002
1.076130e+003,5.817140e-002
1.077094e+003,5.967348e-002
1.078058e+003,5.968014e-002
1.079023e+003,5.896157e-002
1.079987e+003,5.948304e-002
1.080951e+003,5.897181e-002
1.081916e+003,5.737481e-002
1.082880e+003,5.565324e-002
1.083844e+003,5.395655e-002
1.084808e+003,5.423764e-002
1.085773e+003,5.454819e-002
1.086737e+003,5.428134e-002
1.087701e+003,5.360553e-002
1.088665e+003,5.346512e-002
1.089630e+003,5.391232e-002
1.090594e+003,5.495457e-002
1.091558e+003,5.590167e-002
1.092522e+003,5.669095e-002
1.093487e+003,5.761589e-002
1.094451e+003,5.802349e-002
1.095415e+003,5.780435e-002
1.096380e+003,5.875007e-002
1.097344e+003,6.023414e-002
1.098308e+003,6.029927e-002
1.099272e+003,5.959325e-002
1.100237e+003,5.987326e-002
1.101201e+003,5.951530e-002
1.102165e+003,5.870349e-002
1.103130e+003,5.868081e-002
1.104094e+003,5.939090e-002
1.105058e+003,5.992190e-002
1.106022e+003,6.062847e-002
1.106987e+003,6.307193e-002
1.107951e+003,6.591526e-002
1.108915e+003,6.667461e-002
1.109879e+003,6.544930e-002
1.110844e+003,6.284521e-002
1.111808e+003,5.873971e-002
1.112772e+003,5.554335e-002
1.113737e+003,5.320569e-002
1.114701e+003,5.114915e-002
1.115665e+003,4.904836e-002
1.116629e+003,4.696964e-002
1.117594e+003,4.606840e-002
1.118558e+003,4.639144e-002
1.119522e+003,4.690626e-002
1.120486e+003,4.795301e-002
1.121451e+003,5.131643e-002
1.122415e+003,5.537089e-002
1.123379e+003,5.742181e-002
1.124344e+003,5.699196e-002
1.125308e+003,5.444661e-002
1.126272e+003,5.083644e-002
1.127236e+003,4.724695e-002
1.128201e+003,4.297027e-002
1.129165e+003,4.025074e-002
1.130129e+003,3.831898e-002
1.131094e+003,3.717626e-002
1.132058e+003,3.675061e-002
1.133022e+003,3.583115e-002
1.133986e+003,3.544687e-002
1.134951e+003,3.526284e-002
1.135915e+003,3.534816e-002
1.136879e+003,3.604117e-002
1.137843e+003,3.715745e-002
1.138808e+003,3.894886e-002
1.139772e+003,4.017840e-002
1.140736e+003,4.062325e-002
1.141700e+003,4.150913e-002
1.142665e+003,4.261917e-002
1.143629e+003,4.409433e-002
1.144593e+003,4.513814e-002
1.145558e+003,4.612665e-002
1.146522e+003,4.775365e-002
1.147486e+003,4.916225e-002
1.148450e+003,5.049568e-002
1.149415e+003,5.315798e-002
1.150379e+003,5.635628e-002
1.151343e+003,6.024613e-002
1.152307e+003,6.579962e-002
1.153272e+003,7.336419e-002
1.154236e+003,8.082962e-002
1.155200e+003,8.615200e-002
1.156165e+003,8.908216e-002
1.157129e+003,8.848222e-002
1.158093e+003,8.612825e-002
1.159057e+003,8.353886e-002
1.160022e+003,8.076680e-002
1.160986e+003,7.939647e-002
1.161950e+003,8.053342e-002
1.162915e+003,8.484073e-002
1.163879e+003,9.195393e-002
1.164843e+003,9.942178e-002
1.165807e+003,1.056804e-001
1.166772e+003,1.084930e-001
1.167736e+003,1.059636e-001
1.168700e+003,1.009664e-001
1.169664e+003,9.394299e-002
1.170629e+003,8.518786e-002
1.171593e+003,7.665120e-002
1.172557e+003,7.009334e-002
1.173521e+003,6.592298e-002
1.174486e+003,6.334124e-002
1.175450e+003,6.272782e-002
1.176414e+003,6.340776e-002
1.177379e+003,6.571038e-002
1.178343e+003,7.026046e-002
1.179307e+003,7.615921e-002
1.180271e+003,8.464403e-002
1.181236e+003,9.654023e-002
1.182200e+003,1.130234e-001
1.183164e+003,1.359233e-001
1.184129e+003,1.654924e-001
1.185093e+003,1.999842e-001
1.186057e+003,2.338186e-001
1.187021e+003,2.602238e-001
1.187986e+003,2.758313e-001
1.188950e+003,2.782931e-001
1.189914e+003,2.714700e-001
1.190878e+003,2.578080e-001
1.191843e+003,2.383560e-001
1.192807e+003,2.157007e-001
1.193771e+003,1.906006e-001
1.194736e+003,1.643615e-001
1.195700e+003,1.395913e-001
1.196664e+003,1.180055e-001
1.197628e+003,1.006189e-001
1.198593e+003,8.693659e-002
1.199557e+003,7.700110e-002
1.200521e+003,6.945737e-002
1.201485e+003,6.325457e-002
1.202450e+003,5.922310e-002
1.203414e+003,5.654457e-002
1.204378e+003,5.469330e-002
1.205343e+003,5.333331e-002
1.206307e+003,5.242857e-002
1.207271e+003,5.239986e-002
1.208235e+003,5.220869e-002
1.209200e+003,5.188641e-002
1.210164e+003,5.245773e-002
1.211128e+003,5.285962e-002
1.212093e+003,5.252515e-002
1.213057e+003,5.254886e-002
1.214021e+003,5.305370e-002
1.214985e+003,5.357284e-002
1.215950e+003,5.422045e-002
1.216914e+003,5.579228e-002
1.217878e+003,5.725083e-002
1.218842e+003,5.830394e-002
1.219807e+003,5.929803e-002
1.220771e+003,6.055456e-002
1.221735e+003,6.231931e-002
1.222699e+003,6.415985e-002
1.223664e+003,6.579504e-002
1.224628e+003,6.788827e-002
1.225592e+003,7.016324e-002
1.226557e+003,7.305919e-002
1.227521e+003,7.551103e-002
1.228485e+003,7.851035e-002
1.229449e+003,8.263456e-002
1.230414e+003,8.687685e-002
1.231378e+003,9.120543e-002
1.232342e+003,9.640411e-002
1.233307e+003,1.026625e-001
1.234271e+003,1.093319e-001
1.235235e+003,1.158409e-001
1.236199e+003,1.218718e-001
1.237164e+003,1.263808e-001
1.238128e+003,1.276763e-001
1.239092e+003,1.253758e-001
1.240056e+003,1.198826e-001
1.241021e+003,1.132294e-001
1.241985e+003,1.066352e-001
1.242949e+003,1.007500e-001
1.243914e+003,9.578776e-002
1.244878e+003,9.252798e-002
1.245842e+003,9.141551e-002
1.246806e+003,9.050646e-002
1.247771e+003,8.899707e-002
1.248735e+003,8.751933e-002
1.249699e+003,8.665501e-002
1.250663e+003,8.682866e-002
1.251628e+003,8.644940e-002
1.252592e+003,8.630738e-002
1.253556e+003,8.681829e-002
1.254521e+003,8.733431e-002
1.255485e+003,8.814105e-002
1.256449e+003,8.912548e-002
1.257413e+003,9.059075e-002
1.258378e+003,9.198758e-002
1.259342e+003,9.398327e-002
1.260306e+003,9.570701e-002
1.261271e+003,9.647804e-002
1.262235e+003,9.768434e-002
1.263199e+003,9.946736e-002
1.264163e+003,1.017329e-001
1.265128e+003,1.041390e-001
1.266092e+003,1.063249e-001
1.267056e+003,1.089165e-001
1.268020e+003,1.135224e-001
1.268985e+003,1.209164e-001
1.269949e+003,1.308975e-001
1.270913e+003,1.429802e-001
1.271877e+003,1.548583e-001
1.272842e+003,1.629573e-001
1.273806e+003,1.663743e-001
1.274770e+003,1.665190e-001
1.275735e+003,1.659764e-001
1.276699e+003,1.663949e-001
1.277663e+003,1.684555e-001
1.278627e+003,1.716094e-001
1.279592e+003,1.740797e-001
1.280556e+003,1.763563e-001
1.281520e+003,1.789894e-001
1.282484e+003,1.824342e-001
1.283449e+003,1.868497e-001
1.284413e+003,1.914331e-001
1.285377e+003,1.963111e-001
1.286342e+003,2.010447e-001
1.287306e+003,2.053872e-001
1.288270e+003,2.091634e-001
1.289234e+003,2.126810e-001
1.290199e+003,2.161779e-001
1.291163e+003,2.201081e-001
1.292127e+003,2.250646e-001
1.293092e+003,2.308728e-001
1.294056e+003,2.364047e-001
1.295020e+003,2.422252e-001
1.295984e+003,2.478129e-001
1.296949e+003,2.532108e-001
1.297913e+003,2.581062e-001
1.298877e+003,2.635266e-001
1.299841e+003,2.690682e-001
1.300806e+003,2.733258e-001
1.301770e+003,2.770369e-001
1.302734e+003,2.798807e-001
1.303698e+003,2.815286e-001
1.304663e+003,2.834916e-001
1.305627e+003,2.865359e-001
1.306591e+003,2.907833e-001
1.307556e+003,2.952786e-001
1.308520e+003,3.005380e-001
1.309484e+003,3.049703e-001
1.310448e+003,3.079520e-001
1.311413e+003,3.096500e-001
1.312377e+003,3.084772e-001
1.313341e+003,3.020769e-001
1.314306e+003,2.926182e-001
1.315270e+003,2.812545e-001
1.316234e+003,2.713772e-001
1.317198e+003,2.612869e-001
1.318163e+003,2.539196e-001
1.319127e+003,2.472905e-001
1.320091e+003,2.421366e-001
1.321055e+003,2.379467e-001
1.322020e+003,2.345950e-001
1.322984e+003,2.318576e-001
1.323948e+003,2.294556e-001
1.324913e+003,2.267663e-001
1.325877e+003,2.232681e-001
1.326841e+003,2.204721e-001
1.327805e+003,2.183467e-001
1.328770e+003,2.143281e-001
1.329734e+003,2.098632e-001
1.330698e+003,2.062068e-001
1.331662e+003,2.033570e-001
1.332627e+003,1.993855e-001
1.333591e+003,1.954203e-001
1.334555e+003,1.919343e-001
1.335520e+003,1.891405e-001
1.336484e+003,1.851024e-001
1.337448e+003,1.816706e-001
1.338412e+003,1.786550e-001
1.339377e+003,1.728532e-001
1.340341e+003,1.653284e-001
1.341305e+003,1.623304e-001
1.342270e+003,1.616122e-001
1.343234e+003,1.593791e-001
1.344198e+003,1.562526e-001
1.345162e+003,1.535328e-001
1.346127e+003,1.511407e-001
1.347091e+003,1.494476e-001
1.348055e+003,1.486966e-001
1.349019e+003,1.476511e-001
1.349984e+003,1.462218e-001
1.350948e+003,1.455247e-001
1.351912e+003,1.445333e-001
1.352876e+003,1.441057e-001
1.353841e+003,1.444991e-001
1.354805e+003,1.445519e-001
1.355769e+003,1.443453e-001
1.356734e+003,1.448415e-001
1.357698e+003,1.464036e-001
1.358662e+003,1.487336e-001
1.359626e+003,1.510711e-001
1.360591e+003,1.540285e-001
1.361555e+003,1.577421e-001
1.362519e+003,1.612707e-001
1.363484e+003,1.641904e-001
1.364448e+003,1.687135e-001
1.365412e+003,1.731715e-001
1.366376e+003,1.774265e-001
1.367341e+003,1.815943e-001
1.368305e+003,1.859219e-001
1.369269e+003,1.896269e-001
1.370233e+003,1.928140e-001
1.371198e+003,1.968704e-001
1.372162e+003,2.008093e-001
1.373126e+003,2.043885e-001
1.374091e+003,2.075292e-001
1.375055e+003,2.101601e-001
1.376019e+003,2.130050e-001
1.376983e+003,2.174585e-001
1.377948e+003,2.215108e-001
1.378912e+003,2.242987e-001
1.379876e+003,2.265147e-001
1.380840e+003,2.283821e-001
1.381805e+003,2.279781e-001
1.382769e+003,2.253886e-001
1.383733e+003,2.232497e-001
1.384698e+003,2.253869e-001
1.385662e+003,2.324648e-001
1.386626e+003,2.406993e-001
1.387590e+003,2.483608e-001
1.388555e+003,2.533838e-001
1.389519e+003,2.562734e-001
1.390483e+003,2.561220e-001
1.391448e+003,2.538456e-001
1.392412e+003,2.500962e-001
1.393376e+003,2.456435e-001
1.394340e+003,2.354592e-001
1.395305e+003,2.181491e-001
1.396269e+003,2.056797e-001
1.397233e+003,1.956683e-001
1.398197e+003,1.845802e-001
1.399162e+003,1.659316e-001
1.400126e+003,1.515844e-001
1.401090e+003,1.442437e-001
1.402054e+003,1.345991e-001
1.403019e+003,1.273441e-001
1.403983e+003,1.233426e-001
1.404947e+003,1.177958e-001
1.405912e+003,1.135070e-001
1.406876e+003,1.138878e-001
1.407840e+003,1.142301e-001
1.408804e+003,1.158407e-001
1.409769e+003,1.169660e-001
1.410733e+003,1.192851e-001
1.411697e+003,1.210335e-001
1.412661e+003,1.236533e-001
1.413626e+003,1.267003e-001
1.414590e+003,1.312491e-001
1.415554e+003,1.364748e-001
1.416519e+003,1.436686e-001
1.417483e+003,1.527497e-001
1.418447e+003,1.631616e-001
1.419411e+003,1.856221e-001
1.420376e+003,2.097211e-001
1.421340e+003,2.279410e-001
1.422304e+003,2.463924e-001
1.423269e+003,2.575462e-001
1.424233e+003,2.478633e-001
1.425197e+003,2.346390e-001
1.426161e+003,2.214843e-001
1.427126e+003,2.097618e-001
1.428090e+003,2.025807e-001
1.429054e+003,1.990964e-001
1.430018e+003,1.959051e-001
1.430983e+003,1.988428e-001
1.431947e+003,2.059270e-001
1.432911e+003,2.160092e-001
1.433875e+003,2.305510e-001
1.434840e+003,2.464758e-001
1.435804e+003,2.637771e-001
1.436768e+003,2.990184e-001
1.437733e+003,3.148101e-001
1.438697e+003,3.093667e-001
1.439661e+003,2.914121e-001
1.440625e+003,2.663497e-001
1.441590e+003,2.447904e-001
1.442554e+003,2.299772e-001
1.443518e+003,2.207167e-001
1.444483e+003,2.161961e-001
1.445447e+003,2.151458e-001
1.446411e+003,2.164250e-001
1.447375e+003,2.183352e-001
1.448340e+003,2.190009e-001
1.449304e+003,2.222568e-001
1.450268e+003,2.263550e-001
1.451232e+003,2.304120e-001
1.452197e+003,2.335912e-001
1.453161e+003,2.364991e-001
1.454125e+003,2.406320e-001
1.455090e+003,2.443407e-001
1.456054e+003,2.467240e-001
1.457018e+003,2.497075e-001
1.457982e+003,2.559534e-001
1.458947e+003,2.579656e-001
1.459911e+003,2.595173e-001
1.460875e+003,2.619571e-001
1.461839e+003,2.647786e-001
1.462804e+003,2.680767e-001
1.463768e+003,2.716027e-001
1.464732e+003,2.722089e-001
1.465697e+003,2.741462e-001
1.466661e+003,2.796176e-001
1.467625e+003,2.841794e-001
1.468589e+003,2.887595e-001
1.469554e+003,2.939278e-001
1.470518e+003,2.995874e-001
1.471482e+003,3.056061e-001
1.472447e+003,3.135684e-001
1.473411e+003,3.222908e-001
1.474375e+003,3.303007e-001
1.475339e+003,3.401753e-001
1.476304e+003,3.638569e-001
1.477268e+003,3.918990e-001
1.478232e+003,4.204152e-001
1.479196e+003,4.577206e-001
1.480161e+003,4.939098e-001
1.481125e+003,5.275042e-001
1.482089e+003,5.453786e-001
1.483053e+003,5.431919e-001
1.484018e+003,5.259213e-001
1.484982e+003,4.978762e-001
1.485946e+003,4.660521e-001
1.486911e+003,4.216098e-001
1.487875e+003,3.772024e-001
1.488839e+003,3.644205e-001
1.489803e+003,3.439922e-001
1.490768e+003,3.192805e-001
1.491732e+003,3.126434e-001
1.492696e+003,3.111325e-001
1.493661e+003,3.094561e-001
1.494625e+003,3.092861e-001
1.495589e+003,3.089296e-001
1.496553e+003,3.092576e-001
1.497518e+003,3.130963e-001
1.498482e+003,3.183607e-001
1.499446e+003,3.261283e-001
1.500410e+003,3.340627e-001
1.501375e+003,3.420352e-001
1.502339e+003,3.513721e-001
1.503303e+003,3.597632e-001
1.504268e+003,3.664972e-001
1.505232e+003,3.654938e-001
1.506196e+003,3.522469e-001
1.507160e+003,4.128246e-001
1.508125e+003,4.525080e-001
1.509089e+003,4.672945e-001
1.510053e+003,4.793177e-001
1.511017e+003,4.898386e-001
1.511982e+003,5.067723e-001
1.512946e+003,5.270728e-001
1.513910e+003,5.366222e-001
1.514875e+003,5.447398e-001
1.515839e+003,5.532310e-001
1.516803e+003,5.578947e-001
1.517767e+003,5.700752e-001
1.518732e+003,5.725451e-001
1.519696e+003,5.703756e-001
1.520660e+003,5.546966e-001
1.521625e+003,5.705467e-001
1.522589e+003,5.849560e-001
1.523553e+003,5.903967e-001
1.524517e+003,5.925836e-001
1.525482e+003,5.824931e-001
1.526446e+003,5.723104e-001
1.527410e+003,5.653915e-001
1.528374e+003,5.518788e-001
1.529339e+003,5.390074e-001
1.530303e+003,5.261885e-001
1.531267e+003,5.100879e-001
1.532231e+003,4.946445e-001
1.533196e+003,4.819812e-001
1.534160e+003,4.586875e-001
1.535124e+003,4.435904e-001
1.536089e+003,4.271230e-001
1.537053e+003,4.126896e-001
1.538017e+003,3.941144e-001
1.538981e+003,3.370348e-001
1.539946e+003,2.970252e-001
1.540910e+003,3.296370e-001
1.541874e+003,3.302153e-001
1.542839e+003,3.141032e-001
1.543803e+003,3.029295e-001
1.544767e+003,2.898986e-001
1.545731e+003,2.631475e-001
1.546696e+003,2.485318e-001
1.547660e+003,2.347420e-001
1.548624e+003,2.229501e-001
1.549588e+003,2.115721e-001
1.550553e+003,1.974453e-001
1.551517e+003,1.912040e-001
1.552481e+003,1.859956e-001
1.553446e+003,1.805097e-001
1.554410e+003,1.708132e-001
1.555374e+003,1.643850e-001
1.556338e+003,1.593282e-001
1.557303e+003,1.477945e-001
1.558267e+003,9.377754e-002
1.559231e+003,1.490230e-001
1.560195e+003,1.329083e-001
1.561160e+003,1.220734e-001
1.562124e+003,1.200774e-001
1.563088e+003,1.206682e-001
1.564052e+003,1.233492e-001
1.565017e+003,1.287142e-001
1.565981e+003,1.302091e-001
1.566945e+003,1.263869e-001
1.567910e+003,1.203811e-001
1.568874e+003,1.146330e-001
1.569838e+003,1.054500e-001
1.570802e+003,1.036273e-001
1.571767e+003,1.043033e-001
1.572731e+003,1.074795e-001
1.573695e+003,1.128493e-001
1.574660e+003,1.180266e-001
1.575624e+003,1.251047e-001
1.576588e+003,1.599564e-001
1.577552e+003,1.779927e-001
1.578517e+003,1.934396e-001
1.579481e+003,2.133405e-001
1.580445e+003,2.375395e-001
1.581409e+003,2.614226e-001
1.582374e+003,2.778137e-001
1.583338e+003,2.817592e-001
1.584302e+003,2.727088e-001
1.585267e+003,2.531545e-001
1.586231e+003,2.300779e-001
1.587195e+003,2.093330e-001
1.588159e+003,1.939752e-001
1.589124e+003,1.838784e-001
1.590088e+003,1.778136e-001
1.591052e+003,1.749843e-001
1.592016e+003,1.744082e-001
1.592981e+003,1.755774e-001
1.593945e+003,1.770920e-001
1.594909e+003,1.785740e-001
1.595874e+003,1.812491e-001
1.596838e+003,1.832919e-001
1.597802e+003,1.861192e-001
1.598766e+003,1.895665e-001
1.599731e+003,1.940038e-001
1.600695e+003,2.027656e-001
1.601659e+003,2.196715e-001
1.602624e+003,2.442035e-001
1.603588e+003,2.840523e-001
1.604552e+003,3.272397e-001
1.605516e+003,3.683752e-001
1.606481e+003,4.021966e-001
1.607445e+003,4.223965e-001
1.608409e+003,4.174404e-001
1.609373e+003,3.719091e-001
1.610338e+003,3.054264e-001
1.611302e+003,2.486880e-001
1.612266e+003,1.962368e-001
1.613230e+003,1.590291e-001
1.614195e+003,1.379091e-001
1.615159e+003,1.271889e-001
1.616123e+003,1.212972e-001
1.617088e+003,1.273090e-001
1.618052e+003,1.414566e-001
1.619016e+003,1.509760e-001
1.619980e+003,1.613395e-001
1.620945e+003,1.691968e-001
1.621909e+003,1.746136e-001
1.622873e+003,1.820378e-001
1.623838e+003,2.011990e-001
1.624802e+003,2.121678e-001
1.625766e+003,2.237726e-001
1.626730e+003,2.381711e-001
1.627695e+003,2.668799e-001
1.628659e+003,3.051217e-001
1.629623e+003,3.361620e-001
1.630587e+003,3.728217e-001
1.631552e+003,4.113007e-001
1.632516e+003,4.438302e-001
1.633480e+003,4.641871e-001
1.634445e+003,4.677890e-001
1.635409e+003,4.610648e-001
1.636373e+003,4.802982e-001
1.637337e+003,4.678840e-001
1.638302e+003,4.381870e-001
1.639266e+003,4.110057e-001
1.640230e+003,3.706906e-001
1.641194e+003,3.298678e-001
1.642159e+003,2.870585e-001
1.643123e+003,2.450811e-001
1.644087e+003,2.150190e-001
1.645052e+003,1.929677e-001
1.646016e+003,1.614778e-001
1.646980e+003,1.357600e-001
1.647944e+003,1.102472e-001
1.648909e+003,1.009292e-001
1.649873e+003,9.606476e-002
1.650837e+003,9.165024e-002
1.651802e+003,8.740314e-002
1.652766e+003,7.998320e-002
1.653730e+003,7.355513e-002
1.654694e+003,7.100891e-002
1.655659e+003,6.987040e-002
1.656623e+003,6.835414e-002
1.657587e+003,6.510786e-002
1.658551e+003,6.298742e-002
1.659516e+003,6.116923e-002
1.660480e+003,5.983515e-002
1.661444e+003,5.960050e-002
1.662408e+003,5.870478e-002
1.663373e+003,5.564694e-002
1.664337e+003,5.580795e-002
1.665301e+003,5.489546e-002
1.666266e+003,5.373109e-002
1.667230e+003,5.296396e-002
1.668194e+003,5.293020e-002
1.669158e+003,5.029586e-002
1.670123e+003,5.089996e-002
1.671087e+003,5.135358e-002
1.672051e+003,4.914366e-002
1.673016e+003,4.895155e-002
1.673980e+003,4.987653e-002
1.674944e+003,4.943272e-002
1.675908e+003,4.531538e-002
1.676873e+003,4.557584e-002
1.677837e+003,4.606387e-002
1.678801e+003,4.674966e-002
1.679765e+003,4.637157e-002
1.680730e+003,4.382284e-002
1.681694e+003,4.440871e-002
1.682658e+003,4.543323e-002
1.683623e+003,4.830530e-002
1.684587e+003,4.186969e-002
1.685551e+003,4.165429e-002
1.686515e+003,4.300426e-002
1.687480e+003,4.429341e-002
1.688444e+003,4.348343e-002
1.689408e+003,4.348006e-002
1.690372e+003,4.229293e-002
1.691337e+003,4.095570e-002
1.692301e+003,3.961065e-002
1.693265e+003,3.856200e-002
1.694229e+003,3.861016e-002
1.695194e+003,3.845334e-002
1.696158e+003,3.333918e-002
1.697122e+003,3.526309e-002
1.698087e+003,3.794074e-002
1.699051e+003,4.060807e-002
1.700015e+003,4.097750e-002
1.700979e+003,3.489964e-002
1.701944e+003,3.608178e-002
1.702908e+003,3.703579e-002
1.703872e+003,3.706856e-002
1.704837e+003,3.692630e-002
1.705801e+003,3.814465e-002
1.706765e+003,3.499904e-002
1.707729e+003,3.425498e-002
1.708694e+003,3.592058e-002
1.709658e+003,3.623638e-002
1.710622e+003,3.447859e-002
1.711586e+003,3.441908e-002
1.712551e+003,3.559304e-002
1.713515e+003,3.716001e-002
1.714479e+003,3.690339e-002
1.715444e+003,3.490592e-002
1.716408e+003,3.841569e-002
1.717372e+003,4.303396e-002
1.718336e+003,3.526823e-002
1.719301e+003,3.373839e-002
1.720265e+003,3.580222e-002
1.721229e+003,3.663300e-002
1.722193e+003,3.658250e-002
1.723158e+003,3.584353e-002
1.724122e+003,3.452479e-002
1.725086e+003,3.477940e-002
1.726051e+003,3.543098e-002
1.727015e+003,3.569724e-002
1.727979e+003,3.608949e-002
1.728943e+003,3.749845e-002
1.729908e+003,3.552310e-002
1.730872e+003,3.382868e-002
1.731836e+003,3.616316e-002
1.732801e+003,4.010623e-002
1.733765e+003,4.277293e-002
1.734729e+003,2.944837e-002
1.735693e+003,3.138828e-002
1.736658e+003,3.335009e-002
1.737622e+003,3.387718e-002
1.738586e+003,3.532394e-002
1.739550e+003,3.440857e-002
1.740515e+003,3.063740e-002
1.741479e+003,3.289662e-002
1.742443e+003,3.498805e-002
1.743407e+003,3.267686e-002
1.744372e+003,3.153073e-002
1.745336e+003,3.253953e-002
1.746300e+003,3.297333e-002
1.747265e+003,3.394134e-002
1.748229e+003,3.296825e-002
1.749193e+003,2.944085e-002
1.750157e+003,3.085367e-002
1.751122e+003,3.054827e-002
1.752086e+003,2.849741e-002
1.753050e+003,3.038801e-002
1.754015e+003,3.082596e-002
1.754979e+003,3.173743e-002
1.755943e+003,3.314516e-002
1.756907e+003,3.066862e-002
1.757872e+003,2.975682e-002
1.758836e+003,3.079551e-002
1.759800e+003,3.158172e-002
1.760764e+003,3.340816e-002
1.761729e+003,2.956376e-002
1.762693e+003,2.807033e-002
1.763657e+003,3.019950e-002
1.764622e+003,3.113173e-002
1.765586e+003,3.118552e-002
1.766550e+003,3.246918e-002
1.767514e+003,3.342538e-002
1.768479e+003,3.117558e-002
1.769443e+003,3.265782e-002
1.770407e+003,3.627441e-002
1.771371e+003,3.829445e-002
1.772336e+003,3.281653e-002
1.773300e+003,2.849391e-002
1.774264e+003,3.133086e-002
1.775229e+003,3.197925e-002
1.776193e+003,3.036612e-002
1.777157e+003,3.172296e-002
1.778121e+003,3.335560e-002
1.779086e+003,3.398710e-002
1.780050e+003,3.355419e-002
1.781014e+003,3.125964e-002
1.781979e+003,3.148958e-002
1.782943e+003,3.210703e-002
1.783907e+003,3.293240e-002
1.784871e+003,3.152339e-002
1.785836e+003,3.075813e-002
1.786800e+003,3.140680e-002
1.787764e+003,3.196217e-002
1.788728e+003,3.272774e-002
1.789693e+003,3.415246e-002
1.790657e+003,3.524009e-002
1.791621e+003,3.461847e-002
1.792585e+003,3.043261e-002
1.793550e+003,3.000642e-002
1.794514e+003,3.279191e-002
1.795478e+003,3.335346e-002
1.796443e+003,3.126299e-002
1.797407e+003,3.153896e-002
1.798371e+003,3.318232e-002
1.799335e+003,3.269623e-002
1.800300e+003,3.118837e-002
1.801264e+003,3.169309e-002
1.802228e+003,3.058883e-002
1.803193e+003,3.047433e-002
1.804157e+003,3.126737e-002
1.805121e+003,3.122091e-002
1.806085e+003,3.145976e-002
1.807050e+003,3.236408e-002
1.808014e+003,3.183561e-002
1.808978e+003,3.231442e-002
1.809942e+003,3.328963e-002
1.810907e+003,3.136456e-002
1.811871e+003,3.067615e-002
1.812835e+003,3.107898e-002
1.813800e+003,3.141677e-002
1.814764e+003,3.120456e-002
1.815728e+003,3.102125e-002
1.816692e+003,3.138332e-002
1.817657e+003,3.112728e-002
1.818621e+003,3.101606e-002
1.819585e+003,3.135622e-002
1.820549e+003,3.185711e-002
1.821514e+003,3.217902e-002
1.822478e+003,3.201841e-002
1.823442e+003,3.300858e-002
1.824406e+003,3.484481e-002
1.825371e+003,3.113853e-002
1.826335e+003,2.982134e-002
1.827299e+003,3.121467e-002
1.828264e+003,3.412525e-002
1.829228e+003,3.556291e-002
1.830192e+003,2.949624e-002
1.831156e+003,2.990656e-002
1.832121e+003,3.177899e-002
1.833085e+003,3.202237e-002
1.834049e+003,3.164105e-002
1.835014e+003,3.213917e-002
1.835978e+003,3.336158e-002
1.836942e+003,3.281678e-002
1.837906e+003,3.182727e-002
1.838871e+003,3.243894e-002
1.839835e+003,3.285570e-002
1.840799e+003,3.362317e-002
1.841763e+003,3.419819e-002
1.842728e+003,3.579495e-002
1.843692e+003,3.680391e-002
1.844656e+003,3.214627e-002
1.845621e+003,3.277926e-002
1.846585e+003,3.470546e-002
1.847549e+003,3.556082e-002
1.848513e+003,3.479926e-002
1.849478e+003,3.456583e-002
1.850442e+003,3.493716e-002
1.851406e+003,3.533091e-002
1.852370e+003,3.535344e-002
1.853335e+003,3.594229e-002
1.854299e+003,3.624322e-002
1.855263e+003,3.619193e-002
1.856228e+003,3.616503e-002
1.857192e+003,3.680315e-002
1.858156e+003,3.662824e-002
1.859120e+003,3.606687e-002
1.860085e+003,3.631159e-002
1.861049e+003,3.655049e-002
1.862013e+003,3.613532e-002
1.862978e+003,3.611296e-002
1.863942e+003,3.576405e-002
1.864906e+003,3.589514e-002
1.865870e+003,3.646306e-002
1.866835e+003,3.634617e-002
1.867799e+003,3.691623e-002
1.868763e+003,3.636555e-002
1.869727e+003,3.352176e-002
1.870692e+003,3.355805e-002
1.871656e+003,3.418285e-002
1.872620e+003,3.434997e-002
1.873584e+003,3.431870e-002
1.874549e+003,3.451661e-002
1.875513e+003,3.488456e-002
1.876477e+003,3.473769e-002
1.877442e+003,3.468332e-002
1.878406e+003,3.514024e-002
1.879370e+003,3.506085e-002
1.880334e+003,3.476522e-002
1.881299e+003,3.469929e-002
1.882263e+003,3.487134e-002
1.883227e+003,3.578269e-002
1.884192e+003,3.603674e-002
1.885156e+003,3.492007e-002
1.886120e+003,3.506444e-002
1.887084e+003,3.569401e-002
1.888049e+003,3.689394e-002
1.889013e+003,3.698986e-002
1.889977e+003,3.431938e-002
1.890941e+003,3.488807e-002
1.891906e+003,3.565973e-002
1.892870e+003,3.580859e-002
1.893834e+003,3.639222e-002
1.894798e+003,3.593278e-002
1.895763e+003,3.473819e-002
1.896727e+003,3.522489e-002
1.897691e+003,3.538245e-002
1.898656e+003,3.531937e-002
1.899620e+003,3.575592e-002
1.900584e+003,3.571566e-002
1.901548e+003,3.540201e-002
1.902513e+003,3.563480e-002
1.903477e+003,3.569929e-002
1.904441e+003,3.498636e-002
1.905406e+003,3.495530e-002
1.906370e+003,3.542653e-002
1.907334e+003,3.584476e-002
1.908298e+003,3.621794e-002
1.909263e+003,3.642327e-002
1.910227e+003,3.563408e-002
1.911191e+003,3.613694e-002
1.912155e+003,3.678213e-002
1.913120e+003,3.744456e-002
1.914084e+003,3.789905e-002
1.915048e+003,3.758844e-002
1.916013e+003,3.820236e-002
1.916977e+003,4.059629e-002
1.917941e+003,3.994160e-002
1.918905e+003,3.768575e-002
1.919870e+003,3.871657e-002
1.920834e+003,4.034901e-002
1.921798e+003,4.184248e-002
1.922762e+003,4.118995e-002
1.923727e+003,3.969052e-002
1.924691e+003,4.017200e-002
1.925655e+003,4.090778e-002
1.926620e+003,4.105631e-002
1.927584e+003,4.125804e-002
1.928548e+003,4.139773e-002
1.929512e+003,4.163773e-002
1.930477e+003,4.169152e-002
1.931441e+003,4.129929e-002
1.932405e+003,4.082573e-002
1.933370e+003,4.047450e-002
1.934334e+003,4.053826e-002
1.935298e+003,4.037111e-002
1.936262e+003,4.008050e-002
1.937227e+003,3.990818e-002
1.938191e+003,4.007072e-002
1.939155e+003,4.022365e-002
1.940119e+003,4.036657e-002
1.941084e+003,4.126315e-002
1.942048e+003,4.087407e-002
1.943012e+003,3.800840e-002
1.943976e+003,3.872407e-002
1.944941e+003,3.952213e-002
1.945905e+003,3.904488e-002
1.946869e+003,3.869078e-002
1.947834e+003,3.877424e-002
1.948798e+003,3.882576e-002
1.949762e+003,3.864551e-002
1.950726e+003,3.864080e-002
1.951691e+003,3.906884e-002
1.952655e+003,3.906217e-002
1.953619e+003,3.900493e-002
1.954583e+003,3.907493e-002
1.955548e+003,3.872921e-002
1.956512e+003,3.896611e-002
1.957476e+003,3.942274e-002
1.958441e+003,3.961980e-002
1.959405e+003,3.961251e-002
1.960369e+003,3.941719e-002
1.961333e+003,3.943468e-002
1.962298e+003,3.932954e-002
1.963262e+003,3.925174e-002
1.964226e+003,3.932715e-002
1.965191e+003,3.962096e-002
1.966155e+003,3.941904e-002
1.967119e+003,3.878743e-002
1.968083e+003,3.871436e-002
1.969048e+003,3.915959e-002
1.970012e+003,3.871570e-002
1.970976e+003,3.855367e-002
1.971940e+003,3.892099e-002
1.972905e+003,3.848893e-002
1.973869e+003,3.826908e-002
1.974833e+003,3.874066e-002
1.975797e+003,3.851677e-002
1.976762e+003,3.879870e-002
1.977726e+003,3.927713e-002
1.978690e+003,3.900783e-002
1.979655e+003,3.856844e-002
1.980619e+003,3.825768e-002
1.981583e+003,3.796493e-002
1.982547e+003,3.803194e-002
1.983512e+003,3.837787e-002
1.984476e+003,3.860773e-002
1.985440e+003,3.824183e-002
1.986405e+003,3.811184e-002
1.987369e+003,3.850171e-002
1.988333e+003,3.793622e-002
1.989297e+003,3.720000e-002
1.990262e+003,3.782479e-002
1.991226e+003,3.869056e-002
1.992190e+003,3.741902e-002
1.993154e+003,3.629084e-002
1.994119e+003,3.676024e-002
1.995083e+003,3.689029e-002
1.996047e+003,3.686364e-002
1.997012e+003,3.669371e-002
1.997976e+003,3.697878e-002
1.998940e+003,3.675454e-002
1.999904e+003,3.651834e-002
2.000869e+003,3.661133e-002
2.001833e+003,3.671315e-002
2.002797e+003,3.704853e-002
2.003761e+003,3.688145e-002
2.004726e+003,3.646515e-002
2.005690e+003,3.665016e-002
2.006654e+003,3.682364e-002
2.007619e+003,3.658844e-002
2.008583e+003,3.561473e-002
2.009547e+003,3.565534e-002
2.010511e+003,3.606824e-002
2.011476e+003,3.578715e-002
2.012440e+003,3.548833e-002
2.013404e+003,3.552918e-002
2.014369e+003,3.551077e-002
2.015333e+003,3.590360e-002
2.016297e+003,3.573732e-002
2.017261e+003,3.516877e-002
2.018226e+003,3.532919e-002
2.019190e+003,3.491285e-002
2.020154e+003,3.519069e-002
2.021118e+003,3.605723e-002
2.022083e+003,3.613284e-002
2.023047e+003,3.596597e-002
2.024011e+003,3.599930e-002
2.024975e+003,3.605111e-002
2.025940e+003,3.591245e-002
2.026904e+003,3.565933e-002
2.027868e+003,3.600643e-002
2.028833e+003,3.662845e-002
2.029797e+003,3.657568e-002
2.030761e+003,3.668091e-002
2.031725e+003,3.689202e-002
2.032690e+003,3.719127e-002
2.033654e+003,3.711096e-002
2.034618e+003,3.702865e-002
2.035583e+003,3.730715e-002
2.036547e+003,3.748859e-002
2.037511e+003,3.770335e-002
2.038475e+003,3.808833e-002
2.039440e+003,3.813734e-002
2.040404e+003,3.827726e-002
2.041368e+003,3.819866e-002
2.042332e+003,3.802178e-002
2.043297e+003,3.813098e-002
2.044261e+003,3.853433e-002
2.045225e+003,3.873957e-002
2.046190e+003,3.875772e-002
2.047154e+003,3.904731e-002
2.048118e+003,3.939847e-002
2.049082e+003,3.954314e-002
2.050047e+003,3.992838e-002
2.051011e+003,3.983304e-002
2.051975e+003,3.981706e-002
2.052939e+003,4.033319e-002
2.053904e+003,4.101297e-002
2.054868e+003,4.147435e-002
2.055832e+003,4.162985e-002
2.056797e+003,4.151583e-002
2.057761e+003,4.166286e-002
2.058725e+003,4.188921e-002
2.059689e+003,4.182814e-002
2.060654e+003,4.235971e-002
2.061618e+003,4.312562e-002
2.062582e+003,4.351815e-002
2.063546e+003,4.438196e-002
2.064511e+003,4.514943e-002
2.065475e+003,4.492467e-002
2.066439e+003,4.467080e-002
2.067404e+003,4.571416e-002
2.068368e+003,4.697806e-002
2.069332e+003,4.752019e-002
2.070296e+003,4.786491e-002
2.071261e+003,4.816601e-002
2.072225e+003,4.843471e-002
2.073189e+003,4.938060e-002
2.074154e+003,5.074493e-002
2.075118e+003,5.143391e-002
2.076082e+003,5.136909e-002
2.077046e+003,5.152475e-002
2.078010e+003,5.240345e-002
2.078975e+003,5.329262e-002
2.079939e+003,5.361291e-002
2.080903e+003,5.469240e-002
2.081868e+003,5.588508e-002
2.082832e+003,5.745846e-002
2.083796e+003,5.907259e-002
2.084760e+003,6.005037e-002
2.085725e+003,6.151988e-002
2.086689e+003,6.272763e-002
2.087653e+003,6.416726e-002
2.088618e+003,6.717314e-002
2.089582e+003,6.981763e-002
2.090546e+003,7.164305e-002
2.091510e+003,7.364667e-002
2.092475e+003,7.615483e-002
2.093439e+003,7.908344e-002
2.094403e+003,8.208663e-002
2.095367e+003,8.545890e-002
2.096332e+003,8.915889e-002
2.097296e+003,9.271761e-002
2.098260e+003,9.699509e-002
2.099225e+003,1.016997e-001
2.100189e+003,1.064720e-001
2.101153e+003,1.111083e-001
2.102117e+003,1.169502e-001
2.103082e+003,1.233203e-001
2.104046e+003,1.295795e-001
2.105010e+003,1.360634e-001
2.105975e+003,1.437312e-001
2.106939e+003,1.517594e-001
2.107903e+003,1.600796e-001
2.108867e+003,1.689049e-001
2.109832e+003,1.788853e-001
2.110796e+003,1.887679e-001
2.111760e+003,1.994662e-001
2.112724e+003,2.109843e-001
2.113689e+003,2.229393e-001
2.114653e+003,2.355138e-001
2.115617e+003,2.490241e-001
2.116582e+003,2.616445e-001
2.117546e+003,2.752539e-001
2.118510e+003,2.902806e-001
2.119474e+003,3.062742e-001
2.120439e+003,3.226406e-001
2.121403e+003,3.394111e-001
2.122367e+003,3.554152e-001
2.123332e+003,3.732410e-001
2.124296e+003,3.921291e-001
2.125260e+003,4.107962e-001
2.126224e+003,4.275354e-001
2.127188e+003,4.441060e-001
2.128153e+003,4.591000e-001
2.129117e+003,4.738244e-001
2.130081e+003,4.867167e-001
2.131046e+003,4.979277e-001
2.132010e+003,5.066330e-001
2.132974e+003,5.147641e-001
2.133938e+003,5.204852e-001
2.134903e+003,5.267819e-001
2.135867e+003,5.321137e-001
2.136831e+003,5.359215e-001
2.137796e+003,5.364044e-001
2.138760e+003,5.366900e-001
2.139724e+003,5.354577e-001
2.140688e+003,5.351186e-001
2.141653e+003,5.343487e-001
2.142617e+003,5.341924e-001
2.143581e+003,5.335036e-001
2.144545e+003,5.332878e-001
2.145510e+003,5.316584e-001
2.146474e+003,5.322278e-001
2.147438e+003,5.310048e-001
2.148403e+003,5.308991e-001
2.149367e+003,5.312968e-001
2.150331e+003,5.323580e-001
2.151295e+003,5.317143e-001
2.152260e+003,5.299175e-001
2.153224e+003,5.248757e-001
2.154188e+003,5.173348e-001
2.155153e+003,5.057613e-001
2.156117e+003,4.904206e-001
2.157081e+003,4.687674e-001
2.158045e+003,4.438813e-001
2.159010e+003,4.140316e-001
2.159974e+003,3.819793e-001
2.160938e+003,3.482979e-001
2.161902e+003,3.127362e-001
2.162867e+003,2.767113e-001
2.163831e+003,2.423673e-001
2.164795e+003,2.089203e-001
2.165760e+003,1.784662e-001
2.166724e+003,1.519861e-001
2.167688e+003,1.293871e-001
2.168652e+003,1.094005e-001
2.169617e+003,9.317538e-002
2.170581e+003,8.028548e-002
2.171545e+003,7.045744e-002
2.172510e+003,6.300201e-002
2.173474e+003,5.735703e-002
2.174438e+003,5.269836e-002
2.175402e+003,4.928661e-002
2.176366e+003,4.686901e-002
2.177331e+003,4.489554e-002
2.178295e+003,4.355536e-002
2.179259e+003,4.234732e-002
2.180224e+003,4.132476e-002
2.181188e+003,4.100860e-002
2.182152e+003,4.052579e-002
2.183116e+003,3.985697e-002
2.184081e+003,3.913552e-002
2.185045e+003,3.893647e-002
2.186009e+003,3.877826e-002
2.186974e+003,3.868343e-002
2.187938e+003,3.872269e-002
2.188902e+003,3.875218e-002
2.189866e+003,3.850287e-002
2.190831e+003,3.817649e-002
2.191795e+003,3.806218e-002
2.192759e+003,3.810920e-002
2.193723e+003,3.823405e-002
2.194688e+003,3.865061e-002
2.195652e+003,3.873595e-002
2.196616e+003,3.830921e-002
2.197581e+003,3.776598e-002
2.198545e+003,3.758682e-002
2.199509e+003,3.715929e-002
2.200473e+003,3.650872e-002
2.201438e+003,3.575847e-002
2.202402e+003,3.590129e-002
2.203366e+003,3.644839e-002
2.204331e+003,3.651221e-002
2.205295e+003,3.640389e-002
2.206259e+003,3.621757e-002
2.207223e+003,3.593998e-002
2.208188e+003,3.555334e-002
2.209152e+003,3.553626e-002
2.210116e+003,3.578934e-002
2.211080e+003,3.557283e-002
2.212045e+003,3.548484e-002
2.213009e+003,3.565178e-002
2.213973e+003,3.551393e-002
2.214938e+003,3.539094e-002
2.215902e+003,3.521939e-002
2.216866e+003,3.529975e-002
2.217830e+003,3.526593e-002
2.218795e+003,3.508851e-002
2.219759e+003,3.456189e-002
2.220723e+003,3.377718e-002
2.221688e+003,3.362822e-002
2.222652e+003,3.345111e-002
2.223616e+003,3.345719e-002
2.224580e+003,3.370409e-002
2.225544e+003,3.341826e-002
2.226509e+003,3.325117e-002
2.227473e+003,3.300171e-002
2.228437e+003,3.302373e-002
2.229402e+003,3.339761e-002
2.230366e+003,3.314388e-002
2.231330e+003,3.288432e-002
2.232294e+003,3.272574e-002
2.233259e+003,3.239160e-002
2.234223e+003,3.234841e-002
2.235187e+003,3.268312e-002
2.236152e+003,3.253139e-002
2.237116e+003,3.254421e-002
2.238080e+003,3.225115e-002
2.239044e+003,3.197183e-002
2.240009e+003,3.230422e-002
2.240973e+003,3.286202e-002
2.241937e+003,3.251428e-002
2.242901e+003,3.225500e-002
2.243866e+003,3.185062e-002
2.244830e+003,3.131406e-002
2.245794e+003,3.145667e-002
2.246759e+003,3.168343e-002
2.247723e+003,3.167477e-002
2.248687e+003,3.183508e-002
2.249651e+003,3.165535e-002
2.250616e+003,3.105641e-002
2.251580e+003,3.097876e-002
2.252544e+003,3.154171e-002
2.253509e+003,3.145018e-002
2.254473e+003,3.147159e-002
2.255437e+003,3.153159e-002
2.256401e+003,3.118288e-002
2.257365e+003,3.096684e-002
2.258330e+003,3.115818e-002
2.259294e+003,3.137150e-002
2.260258e+003,3.128952e-002
2.261223e+003,3.055531e-002
2.262187e+003,3.039650e-002
2.263151e+003,3.087779e-002
2.264115e+003,3.094976e-002
2.265080e+003,3.049783e-002
2.266044e+003,3.013567e-002
2.267008e+003,2.989623e-002
2.267973e+003,2.974057e-002
2.268937e+003,2.935430e-002
2.269901e+003,2.945925e-002
2.270865e+003,3.004867e-002
2.271830e+003,3.013596e-002
2.272794e+003,3.004317e-002
2.273758e+003,2.962573e-002
2.274722e+003,2.903610e-002
2.275687e+003,2.859812e-002
2.276651e+003,2.876940e-002
2.277615e+003,2.923893e-002
2.278580e+003,2.922921e-002
2.279544e+003,2.918920e-002
2.280508e+003,2.981349e-002
2.281472e+003,3.029985e-002
2.282437e+003,2.970051e-002
2.283401e+003,2.943241e-002
2.284365e+003,2.930592e-002
2.285330e+003,2.890201e-002
2.286294e+003,2.875857e-002
2.287258e+003,2.870791e-002
2.288222e+003,2.842832e-002
2.289187e+003,2.813105e-002
2.290151e+003,2.812639e-002
2.291115e+003,2.839666e-002
2.292079e+003,2.856818e-002
2.293044e+003,2.886224e-002
2.294008e+003,2.881444e-002
2.294972e+003,2.905672e-002
2.295937e+003,2.876048e-002
2.296901e+003,2.856860e-002
2.297865e+003,2.854928e-002
2.298829e+003,2.836695e-002
2.299794e+003,2.861836e-002
2.300758e+003,2.940908e-002
2.301722e+003,3.024667e-002
2.302687e+003,2.962605e-002
2.303651e+003,2.918307e-002
2.304615e+003,2.924573e-002
2.305579e+003,2.963410e-002
2.306543e+003,2.991944e-002
2.307508e+003,2.943010e-002
2.308472e+003,2.904521e-002
2.309436e+003,2.843462e-002
2.310401e+003,2.931783e-002
2.311365e+003,2.889832e-002
2.312329e+003,2.962917e-002
2.313293e+003,2.941142e-002
2.314258e+003,3.013447e-002
2.315222e+003,2.958863e-002
2.316186e+003,2.978159e-002
2.317151e+003,3.023733e-002
2.318115e+003,3.088946e-002
2.319079e+003,3.076666e-002
2.320043e+003,3.128161e-002
2.321008e+003,3.066414e-002
2.321972e+003,3.028092e-002
2.322936e+003,3.123639e-002
2.323900e+003,3.252921e-002
2.324865e+003,3.190432e-002
2.325829e+003,3.112475e-002
2.326793e+003,3.249339e-002
2.327758e+003,3.339990e-002
2.328722e+003,3.207577e-002
2.329686e+003,2.993776e-002
2.330650e+003,2.902155e-002
2.331615e+003,2.903044e-002
2.332579e+003,2.966926e-002
2.333543e+003,2.992601e-002
2.334508e+003,3.020603e-002
2.335472e+003,3.205983e-002
2.336436e+003,3.295406e-002
2.337400e+003,3.282822e-002
2.338365e+003,3.418432e-002
2.339329e+003,3.277897e-002
2.340293e+003,3.049253e-002
2.341257e+003,3.119908e-002
2.342222e+003,3.199059e-002
2.343186e+003,3.091432e-002
2.344150e+003,2.966039e-002
2.345115e+003,3.035681e-002
2.346079e+003,3.073074e-002
2.347043e+003,2.941954e-002
2.348007e+003,2.893108e-002
2.348972e+003,3.008816e-002
2.349936e+003,3.039067e-002
2.350900e+003,3.078281e-002
2.351865e+003,2.984345e-002
2.352829e+003,2.968930e-002
2.353793e+003,3.140334e-002
2.354757e+003,3.180178e-002
2.355721e+003,3.093539e-002
2.356686e+003,3.122194e-002
2.357650e+003,2.888770e-002
2.358614e+003,2.684832e-002
2.359579e+003,3.086231e-002
2.360543e+003,3.343787e-002
2.361507e+003,3.221189e-002
2.362471e+003,2.978358e-002
2.363436e+003,2.820742e-002
2.364400e+003,2.971868e-002
2.365364e+003,2.813162e-002
2.366329e+003,2.962846e-002
2.367293e+003,3.114152e-002
2.368257e+003,2.945266e-002
2.369221e+003,2.842595e-002
2.370186e+003,2.912822e-002
2.371150e+003,3.050845e-002
2.372114e+003,3.103399e-002
2.373078e+003,3.030291e-002
2.374043e+003,2.963772e-002
2.375007e+003,2.979703e-002
2.375971e+003,3.065368e-002
2.376936e+003,3.064885e-002
2.377900e+003,3.034814e-002
2.378864e+003,3.012733e-002
2.379828e+003,2.942542e-002
2.380793e+003,2.895085e-002
2.381757e+003,2.967816e-002
2.382721e+003,2.949429e-002
2.383686e+003,2.862657e-002
2.384650e+003,2.890169e-002
2.385614e+003,2.903621e-002
2.386578e+003,2.857045e-002
2.387542e+003,2.877907e-002
2.388507e+003,2.930202e-002
2.389471e+003,2.930436e-002
2.390435e+003,2.896919e-002
2.391400e+003,2.899466e-002
2.392364e+003,2.927986e-002
2.393328e+003,2.906930e-002
2.394292e+003,2.847311e-002
2.395257e+003,2.862420e-002
2.396221e+003,2.816895e-002
2.397185e+003,2.747543e-002
2.398150e+003,2.753586e-002
2.399114e+003,2.778535e-002
2.400078e+003,2.789186e-002
2.401042e+003,2.796709e-002
2.402007e+003,2.796617e-002
2.402971e+003,2.802678e-002
2.403935e+003,2.759380e-002
2.404899e+003,2.731570e-002
2.405864e+003,2.710679e-002
2.406828e+003,2.679503e-002
2.407792e+003,2.631574e-002
2.408757e+003,2.648602e-002
2.409721e+003,2.709106e-002
2.410685e+003,2.709036e-002
2.411649e+003,2.680557e-002
2.412614e+003,2.700735e-002
2.413578e+003,2.747222e-002
2.414542e+003,2.789981e-002
2.415507e+003,2.773618e-002
2.416471e+003,2.734343e-002
2.417435e+003,2.735469e-002
2.418399e+003,2.741461e-002
2.419364e+003,2.713529e-002
2.420328e+003,2.688639e-002
2.421292e+003,2.714908e-002
2.422256e+003,2.741137e-002
2.423221e+003,2.751151e-002
2.424185e+003,2.755697e-002
2.425149e+003,2.757989e-002
2.426114e+003,2.715896e-002
2.427078e+003,2.748062e-002
2.428042e+003,2.807676e-002
2.429006e+003,2.798161e-002
2.429971e+003,2.777263e-002
2.430935e+003,2.777429e-002
2.431899e+003,2.763324e-002
2.432864e+003,2.792317e-002
2.433828e+003,2.845163e-002
2.434792e+003,2.842117e-002
2.435756e+003,2.805753e-002
2.436720e+003,2.731101e-002
2.437685e+003,2.734456e-002
2.438649e+003,2.803063e-002
2.439613e+003,2.795154e-002
2.440578e+003,2.741811e-002
2.441542e+003,2.712273e-002
2.442506e+003,2.770673e-002
2.443470e+003,2.783551e-002
2.444435e+003,2.762890e-002
2.445399e+003,2.816715e-002
2.446363e+003,2.880148e-002
2.447328e+003,2.907026e-002
2.448292e+003,2.821329e-002
2.449256e+003,2.756880e-002
2.450220e+003,2.814530e-002
2.451185e+003,2.812964e-002
2.452149e+003,2.769592e-002
2.453113e+003,2.808181e-002
2.454077e+003,2.831227e-002
2.455042e+003,2.788907e-002
2.456006e+003,2.786264e-002
2.456970e+003,2.801953e-002
2.457935e+003,2.837024e-002
2.458899e+003,2.836175e-002
2.459863e+003,2.874869e-002
2.460827e+003,2.934257e-002
2.461792e+003,2.950751e-002
2.462756e+003,2.954986e-002
2.463720e+003,2.941433e-002
2.464685e+003,2.939483e-002
2.465649e+003,3.003557e-002
2.466613e+003,3.082745e-002
2.467577e+003,3.085338e-002
2.468542e+003,3.102079e-002
2.469506e+003,3.166885e-002
2.470470e+003,3.191670e-002
2.471434e+003,3.274067e-002
2.472399e+003,3.301079e-002
2.473363e+003,3.229351e-002
2.474327e+003,3.231485e-002
2.475292e+003,3.301151e-002
2.476256e+003,3.355955e-002
2.477220e+003,3.320536e-002
2.478184e+003,3.269048e-002
2.479149e+003,3.319112e-002
2.480113e+003,3.384308e-002
2.481077e+003,3.397918e-002
2.482042e+003,3.404457e-002
2.483006e+003,3.400021e-002
2.483970e+003,3.369045e-002
2.484934e+003,3.381468e-002
2.485898e+003,3.421408e-002
2.486863e+003,3.388539e-002
2.487827e+003,3.379207e-002
2.488791e+003,3.407120e-002
2.489756e+003,3.363065e-002
2.490720e+003,3.308977e-002
2.491684e+003,3.289472e-002
2.492648e+003,3.338806e-002
2.493613e+003,3.403142e-002
2.494577e+003,3.412797e-002
2.495541e+003,3.359124e-002
2.496506e+003,3.292214e-002
2.497470e+003,3.264950e-002
2.498434e+003,3.279062e-002
2.499398e+003,3.315729e-002
2.500363e+003,3.367723e-002
2.501327e+003,3.319573e-002
2.502291e+003,3.272438e-002
2.503255e+003,3.244719e-002
2.504220e+003,3.195757e-002
2.505184e+003,3.181087e-002
2.506148e+003,3.195172e-002
2.507113e+003,3.183173e-002
2.508077e+003,3.179026e-002
2.509041e+003,3.205565e-002
2.510005e+003,3.233363e-002
2.510970e+003,3.219466e-002
2.511934e+003,3.166846e-002
2.512898e+003,3.103307e-002
2.513863e+003,3.035894e-002
2.514827e+003,3.013198e-002
2.515791e+003,3.056007e-002
2.516755e+003,3.131053e-002
2.517719e+003,3.192500e-002
2.518684e+003,3.154994e-002
2.519648e+003,3.069436e-002
2.520612e+003,3.030152e-002
2.521577e+003,3.010080e-002
2.522541e+003,3.073391e-002
2.523505e+003,3.188535e-002
2.524469e+003,3.211398e-002
2.525434e+003,3.136199e-002
2.526398e+003,3.066808e-002
2.527362e+003,3.125754e-002
2.528327e+003,3.182156e-002
2.529291e+003,3.117021e-002
2.530255e+003,3.112190e-002
2.531219e+003,3.175468e-002
2.532184e+003,3.175483e-002
2.533148e+003,3.135120e-002
2.534112e+003,3.106193e-002
2.535076e+003,3.122507e-002
2.536041e+003,3.117206e-002
2.537005e+003,3.089792e-002
2.537969e+003,3.105663e-002
2.538934e+003,3.082521e-002
2.539898e+003,3.127599e-002
2.540862e+003,3.147498e-002
2.541826e+003,3.099139e-002
2.542791e+003,3.080806e-002
2.543755e+003,3.053831e-002
2.544719e+003,3.032174e-002
2.545684e+003,3.057550e-002
2.546648e+003,3.047089e-002
2.547612e+003,3.060298e-002
2.548576e+003,3.092759e-002
2.549541e+003,3.160948e-002
2.550505e+003,3.139063e-002
2.551469e+003,3.114650e-002
2.552433e+003,3.153960e-002
2.553398e+003,3.132142e-002
2.554362e+003,3.092735e-002
2.555326e+003,3.119381e-002
2.556291e+003,3.159427e-002
2.557255e+003,3.185276e-002
2.558219e+003,3.154555e-002
2.559183e+003,3.079469e-002
2.560148e+003,3.044043e-002
2.561112e+003,3.077324e-002
2.562076e+003,3.155443e-002
2.563041e+003,3.169195e-002
2.564005e+003,3.179162e-002
2.564969e+003,3.266115e-002
2.565933e+003,3.306921e-002
2.566897e+003,3.260253e-002
2.567862e+003,3.216707e-002
2.568826e+003,3.185440e-002
2.569790e+003,3.235401e-002
2.570755e+003,3.283393e-002
2.571719e+003,3.200265e-002
2.572683e+003,3.169077e-002
2.573647e+003,3.196245e-002
2.574612e+003,3.180805e-002
2.575576e+003,3.181237e-002
2.576540e+003,3.232688e-002
2.577505e+003,3.301998e-002
2.578469e+003,3.308219e-002
2.579433e+003,3.250175e-002
2.580397e+003,3.254339e-002
2.581362e+003,3.295735e-002
2.582326e+003,3.349359e-002
2.583290e+003,3.405758e-002
2.584254e+003,3.413539e-002
2.585219e+003,3.489960e-002
2.586183e+003,3.523395e-002
2.587147e+003,3.392433e-002
2.588112e+003,3.307890e-002
2.589076e+003,3.404078e-002
2.590040e+003,3.526000e-002
2.591004e+003,3.520614e-002
2.591969e+003,3.470438e-002
2.592933e+003,3.416722e-002
2.593897e+003,3.370018e-002
2.594862e+003,3.370731e-002
2.595826e+003,3.441664e-002
2.596790e+003,3.465913e-002
2.597754e+003,3.469448e-002
2.598719e+003,3.502648e-002
2.599683e+003,3.515371e-002
2.600647e+003,3.532868e-002
2.601611e+003,3.529076e-002
2.602576e+003,3.516977e-002
2.603540e+003,3.547301e-002
2.604504e+003,3.561498e-002
2.605469e+003,3.575642e-002
2.606433e+003,3.559229e-002
2.607397e+003,3.511395e-002
2.608361e+003,3.543246e-002
2.609326e+003,3.616763e-002
2.610290e+003,3.698156e-002
2.611254e+003,3.770425e-002
2.612219e+003,3.774567e-002
2.613183e+003,3.832969e-002
2.614147e+003,3.892741e-002
2.615111e+003,3.868227e-002
2.616075e+003,3.865423e-002
2.617040e+003,3.896017e-002
2.618004e+003,3.922592e-002
2.618968e+003,3.851359e-002
2.619933e+003,3.779443e-002
2.620897e+003,3.812750e-002
2.621861e+003,3.807368e-002
2.622825e+003,3.800023e-002
2.623790e+003,3.812240e-002
2.624754e+003,3.845023e-002
2.625718e+003,3.873718e-002
2.626683e+003,3.870878e-002
2.627647e+003,3.911895e-002
2.628611e+003,3.923023e-002
2.629575e+003,3.890360e-002
2.630540e+003,3.922889e-002
2.631504e+003,4.004965e-002
2.632468e+003,4.112529e-002
2.633432e+003,4.170185e-002
2.634397e+003,4.198658e-002
2.635361e+003,4.248052e-002
2.636325e+003,4.265583e-002
2.637290e+003,4.259527e-002
2.638254e+003,4.202162e-002
2.639218e+003,4.185930e-002
2.640182e+003,4.241848e-002
2.641147e+003,4.246664e-002
2.642111e+003,4.280964e-002
2.643075e+003,4.366977e-002
2.644040e+003,4.365240e-002
2.645004e+003,4.373540e-002
2.645968e+003,4.405854e-002
2.646932e+003,4.416053e-002
2.647896e+003,4.408326e-002
2.648861e+003,4.449853e-002
2.649825e+003,4.468825e-002
2.650789e+003,4.482154e-002
2.651754e+003,4.476960e-002
2.652718e+003,4.448275e-002
2.653682e+003,4.508987e-002
2.654646e+003,4.569830e-002
2.655611e+003,4.575587e-002
2.656575e+003,4.596573e-002
2.657539e+003,4.595675e-002
2.658504e+003,4.567047e-002
2.659468e+003,4.579633e-002
2.660432e+003,4.612300e-002
2.661396e+003,4.608590e-002
2.662361e+003,4.634720e-002
2.663325e+003,4.740908e-002
2.664289e+003,4.830352e-002
2.665253e+003,4.779200e-002
2.666218e+003,4.688020e-002
2.667182e+003,4.693346e-002
2.668146e+003,4.772218e-002
2.669111e+003,4.731600e-002
2.670075e+003,4.599815e-002
2.671039e+003,4.619976e-002
2.672003e+003,4.675604e-002
2.672968e+003,4.717392e-002
2.673932e+003,4.712550e-002
2.674896e+003,4.574726e-002
2.675861e+003,4.469129e-002
2.676825e+003,4.512432e-002
2.677789e+003,4.549769e-002
2.678753e+003,4.499163e-002
2.679718e+003,4.475887e-002
2.680682e+003,4.533693e-002
2.681646e+003,4.515781e-002
2.682610e+003,4.441407e-002
2.683575e+003,4.464212e-002
2.684539e+003,4.489201e-002
2.685503e+003,4.434710e-002
2.686468e+003,4.394076e-002
2.687432e+003,4.398223e-002
2.688396e+003,4.444696e-002
2.689360e+003,4.444934e-002
2.690325e+003,4.371063e-002
2.691289e+003,4.310864e-002
2.692253e+003,4.300074e-002
2.693218e+003,4.373796e-002
2.694182e+003,4.421417e-002
2.695146e+003,4.425305e-002
2.696110e+003,4.396683e-002
2.697074e+003,4.363306e-002
2.698039e+003,4.392199e-002
2.699003e+003,4.475274e-002
2.699967e+003,4.456975e-002
2.700932e+003,4.388218e-002
2.701896e+003,4.405359e-002
2.702860e+003,4.479535e-002
2.703824e+003,4.557301e-002
2.704789e+003,4.578565e-002
2.705753e+003,4.498465e-002
2.706717e+003,4.462942e-002
2.707682e+003,4.466052e-002
2.708646e+003,4.442174e-002
2.709610e+003,4.440849e-002
2.710574e+003,4.432181e-002
2.711539e+003,4.505639e-002
2.712503e+003,4.579390e-002
2.713467e+003,4.607499e-002
2.714431e+003,4.668004e-002
2.715396e+003,4.619560e-002
2.716360e+003,4.521767e-002
2.717324e+003,4.483591e-002
2.718289e+003,4.462332e-002
2.719253e+003,4.503559e-002
2.720217e+003,4.600481e-002
2.721181e+003,4.698308e-002
2.722146e+003,4.671191e-002
2.723110e+003,4.535639e-002
2.724074e+003,4.466283e-002
2.725039e+003,4.503452e-002
2.726003e+003,4.548352e-002
2.726967e+003,4.642897e-002
2.727931e+003,4.803509e-002
2.728896e+003,4.862753e-002
2.729860e+003,4.818707e-002
2.730824e+003,4.707284e-002
2.731788e+003,4.637776e-002
2.732753e+003,4.699770e-002
2.733717e+003,4.734996e-002
2.734681e+003,4.724289e-002
2.735646e+003,4.762987e-002
2.736610e+003,4.815250e-002
2.737574e+003,4.901297e-002
2.738538e+003,4.951312e-002
2.739503e+003,4.905978e-002
2.740467e+003,4.948660e-002
2.741431e+003,4.998982e-002
2.742396e+003,4.961681e-002
2.743360e+003,4.988099e-002
2.744324e+003,5.060478e-002
2.745288e+003,5.106134e-002
2.746252e+003,5.091519e-002
2.747217e+003,4.989021e-002
2.748181e+003,4.926999e-002
2.749145e+003,4.972294e-002
2.750110e+003,5.041734e-002
2.751074e+003,5.070769e-002
2.752038e+003,5.082776e-002
2.753002e+003,5.197271e-002
2.753967e+003,5.234977e-002
2.754931e+003,5.205540e-002
2.755895e+003,5.241717e-002
2.756860e+003,5.260926e-002
2.757824e+003,5.268111e-002
2.758788e+003,5.309892e-002
2.759752e+003,5.326610e-002
2.760717e+003,5.339831e-002
2.761681e+003,5.371328e-002
2.762645e+003,5.409002e-002
2.763609e+003,5.461307e-002
2.764574e+003,5.532700e-002
2.765538e+003,5.565011e-002
2.766502e+003,5.591014e-002
2.767467e+003,5.639989e-002
2.768431e+003,5.616343e-002
2.769395e+003,5.603355e-002
2.770359e+003,5.622105e-002
2.771324e+003,5.607867e-002
2.772288e+003,5.642649e-002
2.773252e+003,5.760621e-002
2.774217e+003,5.765146e-002
2.775181e+003,5.699479e-002
2.776145e+003,5.756966e-002
2.777109e+003,5.871548e-002
2.778073e+003,5.935747e-002
2.779038e+003,5.880178e-002
2.780002e+003,5.824986e-002
2.780966e+003,5.867281e-002
2.781931e+003,5.979420e-002
2.782895e+003,5.984124e-002
2.783859e+003,5.921592e-002
2.784823e+003,5.993951e-002
2.785788e+003,6.066760e-002
2.786752e+003,6.060302e-002
2.787716e+003,6.063894e-002
2.788681e+003,6.117235e-002
2.789645e+003,6.147801e-002
2.790609e+003,6.147243e-002
2.791573e+003,6.162691e-002
2.792538e+003,6.181807e-002
2.793502e+003,6.215473e-002
2.794466e+003,6.250867e-002
2.795430e+003,6.311952e-002
2.796395e+003,6.308109e-002
2.797359e+003,6.247764e-002
2.798323e+003,6.246310e-002
2.799288e+003,6.220087e-002
2.800252e+003,6.188363e-002
2.801216e+003,6.236299e-002
2.802180e+003,6.324475e-002
2.803145e+003,6.378034e-002
2.804109e+003,6.390961e-002
2.805073e+003,6.398831e-002
2.806038e+003,6.414586e-002
2.807002e+003,6.505697e-002
2.807966e+003,6.559961e-002
2.808930e+003,6.542195e-002
2.809895e+003,6.462865e-002
2.810859e+003,6.429872e-002
2.811823e+003,6.518658e-002
2.812787e+003,6.622293e-002
2.813752e+003,6.589359e-002
2.814716e+003,6.481194e-002
2.815680e+003,6.569115e-002
2.816645e+003,6.734474e-002
2.817609e+003,6.689549e-002
2.818573e+003,6.657688e-002
2.819537e+003,6.725553e-002
2.820502e+003,6.724396e-002
2.821466e+003,6.695096e-002
2.822430e+003,6.724566e-002
2.823395e+003,6.810244e-002
2.824359e+003,6.847008e-002
2.825323e+003,6.838828e-002
2.826287e+003,6.829074e-002
2.827251e+003,6.850732e-002
2.828216e+003,6.900722e-002
2.829180e+003,6.956696e-002
2.830144e+003,6.999726e-002
2.831109e+003,7.019062e-002
2.832073e+003,7.012909e-002
2.833037e+003,7.013832e-002
2.834001e+003,6.992684e-002
2.834966e+003,6.990279e-002
2.835930e+003,7.056802e-002
2.836894e+003,7.171230e-002
2.837859e+003,7.372602e-002
2.838823e+003,7.447831e-002
2.839787e+003,7.454089e-002
2.840751e+003,7.586274e-002
2.841716e+003,7.708573e-002
2.842680e+003,7.718645e-002
2.843644e+003,7.725073e-002
2.844608e+003,7.857586e-002
2.845573e+003,8.034667e-002
2.846537e+003,8.115634e-002
2.847501e+003,8.098091e-002
2.848466e+003,8.201939e-002
2.849430e+003,8.328523e-002
2.850394e+003,8.331980e-002
2.851358e+003,8.411541e-002
2.852323e+003,8.540513e-002
2.853287e+003,8.712660e-002
2.854251e+003,8.824249e-002
2.855216e+003,8.736060e-002
2.856180e+003,8.700310e-002
2.857144e+003,8.864225e-002
2.858108e+003,8.984216e-002
2.859073e+003,9.109859e-002
2.860037e+003,9.241790e-002
2.861001e+003,9.240609e-002
2.861965e+003,9.309015e-002
2.862930e+003,9.359401e-002
2.863894e+003,9.415621e-002
2.864858e+003,9.491051e-002
2.865823e+003,9.469354e-002
2.866787e+003,9.528299e-002
2.867751e+003,9.586180e-002
2.868715e+003,9.683750e-002
2.869680e+003,9.775355e-002
2.870644e+003,9.804808e-002
2.871608e+003,9.843998e-002
2.872573e+003,9.830512e-002
2.873537e+003,9.765065e-002
2.874501e+003,9.705802e-002
2.875465e+003,9.763161e-002
2.876429e+003,9.950107e-002
2.877394e+003,1.002081e-001
2.878358e+003,1.003083e-001
2.879322e+003,1.002282e-001
2.880287e+003,1.003171e-001
2.881251e+003,1.007342e-001
2.882215e+003,1.010372e-001
2.883179e+003,1.017627e-001
2.884144e+003,1.017842e-001
2.885108e+003,1.014752e-001
2.886072e+003,1.008362e-001
2.887037e+003,1.000304e-001
2.888001e+003,1.007814e-001
2.888965e+003,1.003843e-001
2.889929e+003,9.976292e-002
2.890894e+003,1.003418e-001
2.891858e+003,1.007322e-001
2.892822e+003,1.001035e-001
2.893786e+003,9.998023e-002
2.894751e+003,1.003628e-001
2.895715e+003,1.001321e-001
2.896679e+003,9.925364e-002
2.897644e+003,9.829228e-002
2.898608e+003,9.741092e-002
2.899572e+003,9.691934e-002
2.900536e+003,9.599213e-002
2.901501e+003,9.504230e-002
2.902465e+003,9.473570e-002
2.903429e+003,9.410246e-002
2.904394e+003,9.435479e-002
2.905358e+003,9.563011e-002
2.906322e+003,9.594829e-002
2.907286e+003,9.563044e-002
2.908250e+003,9.507966e-002
2.909215e+003,9.519375e-002
2.910179e+003,9.475590e-002
2.911143e+003,9.319879e-002
2.912108e+003,9.252740e-002
2.913072e+003,9.296449e-002
2.914036e+003,9.425372e-002
2.915000e+003,9.573109e-002
2.915965e+003,9.672148e-002
2.916929e+003,9.749518e-002
2.917893e+003,9.776762e-002
2.918858e+003,9.764704e-002
2.919822e+003,9.754454e-002
2.920786e+003,9.813335e-002
2.921750e+003,9.915201e-002
2.922715e+003,9.993523e-002
2.923679e+003,1.001751e-001
2.924643e+003,1.004738e-001
2.925607e+003,1.017364e-001
2.926572e+003,1.027216e-001
2.927536e+003,1.028852e-001
2.928500e+003,1.031779e-001
2.929465e+003,1.028008e-001
2.930429e+003,1.029745e-001
2.931393e+003,1.041202e-001
2.932357e+003,1.049623e-001
2.933322e+003,1.056134e-001
2.934286e+003,1.067241e-001
2.935250e+003,1.074307e-001
2.936215e+003,1.075513e-001
2.937179e+003,1.069858e-001
2.938143e+003,1.063421e-001
2.939107e+003,1.067254e-001
2.940072e+003,1.085288e-001
2.941036e+003,1.098500e-001
2.942000e+003,1.103164e-001
2.942964e+003,1.108382e-001
2.943929e+003,1.112818e-001
2.944893e+003,1.118879e-001
2.945857e+003,1.123752e-001
2.946822e+003,1.127303e-001
2.947786e+003,1.143257e-001
2.948750e+003,1.153498e-001
2.949714e+003,1.160710e-001
2.950679e+003,1.176344e-001
2.951643e+003,1.188562e-001
2.952607e+003,1.199836e-001
2.953572e+003,1.221486e-001
2.954536e+003,1.253234e-001
2.955500e+003,1.277812e-001
2.956464e+003,1.285021e-001
2.957428e+003,1.298403e-001
2.958393e+003,1.319752e-001
2.959357e+003,1.340387e-001
2.960321e+003,1.351588e-001
2.961286e+003,1.366551e-001
2.962250e+003,1.378628e-001
2.963214e+003,1.399240e-001
2.964178e+003,1.423104e-001
2.965143e+003,1.450045e-001
2.966107e+003,1.477070e-001
2.967071e+003,1.490225e-001
2.968036e+003,1.507423e-001
2.969000e+003,1.524769e-001
2.969964e+003,1.535398e-001
2.970928e+003,1.546819e-001
2.971893e+003,1.540966e-001
2.972857e+003,1.526475e-001
2.973821e+003,1.523464e-001
2.974785e+003,1.522651e-001
2.975750e+003,1.511793e-001
2.976714e+003,1.496408e-001
2.977678e+003,1.482058e-001
2.978643e+003,1.468980e-001
2.979607e+003,1.451422e-001
2.980571e+003,1.427452e-001
2.981535e+003,1.402969e-001
2.982500e+003,1.375058e-001
2.983464e+003,1.342161e-001
2.984428e+003,1.319558e-001
2.985393e+003,1.289104e-001
2.986357e+003,1.259705e-001
2.987321e+003,1.243419e-001
2.988285e+003,1.216969e-001
2.989250e+003,1.191786e-001
2.990214e+003,1.167598e-001
2.991178e+003,1.143988e-001
2.992142e+003,1.126118e-001
2.993107e+003,1.115239e-001
2.994071e+003,1.110404e-001
2.995035e+003,1.105415e-001
2.996000e+003,1.096779e-001
2.996964e+003,1.099514e-001
2.997928e+003,1.102142e-001
2.998892e+003,1.087872e-001
2.999857e+003,1.084351e-001
3.000821e+003,1.088905e-001
3.001785e+003,1.084522e-001
3.002750e+003,1.091419e-001
3.003714e+003,1.094700e-001
3.004678e+003,1.083087e-001
3.005642e+003,1.076119e-001
3.006606e+003,1.066774e-001
3.007571e+003,1.062029e-001
3.008535e+003,1.068395e-001
3.009499e+003,1.067346e-001
3.010464e+003,1.060562e-001
3.011428e+003,1.069827e-001
3.012392e+003,1.075396e-001
3.013356e+003,1.075851e-001
3.014321e+003,1.083641e-001
3.015285e+003,1.090203e-001
3.016249e+003,1.098849e-001
3.017214e+003,1.104271e-001
3.018178e+003,1.116782e-001
3.019142e+003,1.138590e-001
3.020106e+003,1.140741e-001
3.021071e+003,1.145838e-001
3.022035e+003,1.170170e-001
3.022999e+003,1.190339e-001
3.023963e+003,1.198247e-001
3.024928e+003,1.205730e-001
3.025892e+003,1.210856e-001
3.026856e+003,1.219002e-001
3.027821e+003,1.237416e-001
3.028785e+003,1.259710e-001
3.029749e+003,1.273936e-001
3.030713e+003,1.286002e-001
3.031678e+003,1.300120e-001
3.032642e+003,1.320375e-001
3.033606e+003,1.343573e-001
3.034571e+003,1.354466e-001
3.035535e+003,1.369038e-001
3.036499e+003,1.392651e-001
3.037463e+003,1.414153e-001
3.038427e+003,1.427471e-001
3.039392e+003,1.449011e-001
3.040356e+003,1.486446e-001
3.041320e+003,1.526906e-001
3.042285e+003,1.552514e-001
3.043249e+003,1.565747e-001
3.044213e+003,1.569427e-001
3.045177e+003,1.572194e-001
3.046142e+003,1.577170e-001
3.047106e+003,1.580960e-001
3.048070e+003,1.597386e-001
3.049035e+003,1.617491e-001
3.049999e+003,1.621965e-001
3.050963e+003,1.617347e-001
3.051927e+003,1.604573e-001
3.052892e+003,1.593507e-001
3.053856e+003,1.592313e-001
3.054820e+003,1.608380e-001
3.055784e+003,1.614955e-001
3.056749e+003,1.596586e-001
3.057713e+003,1.591967e-001
3.058677e+003,1.606957e-001
3.059642e+003,1.623158e-001
3.060606e+003,1.632573e-001
3.061570e+003,1.632666e-001
3.062534e+003,1.645219e-001
3.063499e+003,1.665239e-001
3.064463e+003,1.669785e-001
3.065427e+003,1.693071e-001
3.066392e+003,1.706062e-001
3.067356e+003,1.695948e-001
3.068320e+003,1.693434e-001
3.069284e+003,1.704303e-001
3.070249e+003,1.714970e-001
3.071213e+003,1.704566e-001
3.072177e+003,1.686254e-001
3.073141e+003,1.688566e-001
3.074106e+003,1.696733e-001
3.075070e+003,1.706727e-001
3.076034e+003,1.704783e-001
3.076999e+003,1.690145e-001
3.077963e+003,1.683889e-001
3.078927e+003,1.689932e-001
3.079891e+003,1.693595e-001
3.080856e+003,1.701868e-001
3.081820e+003,1.710221e-001
3.082784e+003,1.718036e-001
3.083749e+003,1.725202e-001
3.084713e+003,1.737096e-001
3.085677e+003,1.736777e-001
3.086641e+003,1.736726e-001
3.087605e+003,1.750958e-001
3.088570e+003,1.750614e-001
3.089534e+003,1.744473e-001
3.090498e+003,1.745403e-001
3.091463e+003,1.744711e-001
3.092427e+003,1.738214e-001
3.093391e+003,1.721010e-001
3.094355e+003,1.710969e-001
3.095320e+003,1.694422e-001
3.096284e+003,1.692829e-001
3.097248e+003,1.716382e-001
3.098213e+003,1.708743e-001
3.099177e+003,1.684840e-001
3.100141e+003,1.672948e-001
3.101105e+003,1.680956e-001
3.102070e+003,1.695779e-001
3.103034e+003,1.697579e-001
3.103998e+003,1.707171e-001
3.104962e+003,1.732849e-001
3.105927e+003,1.754924e-001
3.106891e+003,1.761487e-001
3.107855e+003,1.755999e-001
3.108820e+003,1.757903e-001
3.109784e+003,1.754589e-001
3.110748e+003,1.746947e-001
3.111712e+003,1.745355e-001
3.112677e+003,1.751341e-001
3.113641e+003,1.753856e-001
3.114605e+003,1.756318e-001
3.115570e+003,1.758836e-001
3.116534e+003,1.751986e-001
3.117498e+003,1.741222e-001
3.118462e+003,1.733013e-001
3.119427e+003,1.739802e-001
3.120391e+003,1.759037e-001
3.121355e+003,1.766799e-001
3.122319e+003,1.746362e-001
3.123284e+003,1.728729e-001
3.124248e+003,1.723196e-001
3.125212e+003,1.716370e-001
3.126177e+003,1.712814e-001
3.127141e+003,1.705630e-001
3.128105e+003,1.708224e-001
3.129069e+003,1.736530e-001
3.130034e+003,1.748680e-001
3.130998e+003,1.735092e-001
3.131962e+003,1.722606e-001
3.132927e+003,1.721824e-001
3.133891e+003,1.734966e-001
3.134855e+003,1.757438e-001
3.135819e+003,1.755675e-001
3.136783e+003,1.740823e-001
3.137748e+003,1.739506e-001
3.138712e+003,1.752087e-001
3.139676e+003,1.750257e-001
3.140641e+003,1.748466e-001
3.141605e+003,1.749932e-001
3.142569e+003,1.754445e-001
3.143533e+003,1.754867e-001
3.144498e+003,1.738684e-001
3.145462e+003,1.731818e-001
3.146426e+003,1.731885e-001
3.147391e+003,1.732635e-001
3.148355e+003,1.727718e-001
3.149319e+003,1.723170e-001
3.150283e+003,1.712873e-001
3.151248e+003,1.702313e-001
3.152212e+003,1.695935e-001
3.153176e+003,1.678088e-001
3.154140e+003,1.666451e-001
3.155105e+003,1.653675e-001
3.156069e+003,1.626408e-001
3.157033e+003,1.596709e-001
3.157998e+003,1.578380e-001
3.158962e+003,1.561143e-001
3.159926e+003,1.551988e-001
3.160890e+003,1.542033e-001
3.161855e+003,1.515421e-001
3.162819e+003,1.500697e-001
3.163783e+003,1.492358e-001
3.164748e+003,1.474005e-001
3.165712e+003,1.446502e-001
3.166676e+003,1.415928e-001
3.167640e+003,1.388595e-001
3.168604e+003,1.395403e-001
3.169569e+003,1.399945e-001
3.170533e+003,1.388080e-001
3.171497e+003,1.371097e-001
3.172462e+003,1.350194e-001
3.173426e+003,1.343433e-001
3.174390e+003,1.345488e-001
3.175354e+003,1.343446e-001
3.176319e+003,1.342867e-001
3.177283e+003,1.336006e-001
3.178247e+003,1.335820e-001
3.179212e+003,1.339408e-001
3.180176e+003,1.328287e-001
3.181140e+003,1.326663e-001
3.182104e+003,1.338473e-001
3.183069e+003,1.349561e-001
3.184033e+003,1.353512e-001
3.184997e+003,1.329385e-001
3.185961e+003,1.321827e-001
3.186926e+003,1.345330e-001
3.187890e+003,1.352223e-001
3.188854e+003,1.346353e-001
3.189819e+003,1.353090e-001
3.190783e+003,1.350330e-001
3.191747e+003,1.352102e-001
3.192711e+003,1.364557e-001
3.193676e+003,1.382323e-001
3.194640e+003,1.390758e-001
3.195604e+003,1.398363e-001
3.196569e+003,1.404177e-001
3.197533e+003,1.394878e-001
3.198497e+003,1.401999e-001
3.199461e+003,1.429488e-001
3.200426e+003,1.432246e-001
3.201390e+003,1.416474e-001
3.202354e+003,1.426086e-001
3.203318e+003,1.457620e-001
3.204283e+003,1.466227e-001
3.205247e+003,1.461946e-001
3.206211e+003,1.468288e-001
3.207176e+003,1.479004e-001
3.208140e+003,1.474756e-001
3.209104e+003,1.494552e-001
3.210068e+003,1.502170e-001
3.211033e+003,1.489900e-001
3.211997e+003,1.499450e-001
3.212961e+003,1.519626e-001
3.213926e+003,1.537258e-001
3.214890e+003,1.559100e-001
3.215854e+003,1.557893e-001
3.216818e+003,1.551006e-001
3.217782e+003,1.572544e-001
3.218747e+003,1.586423e-001
3.219711e+003,1.568363e-001
3.220675e+003,1.556975e-001
3.221640e+003,1.580196e-001
3.222604e+003,1.600762e-001
3.223568e+003,1.604771e-001
3.224532e+003,1.615254e-001
3.225497e+003,1.623938e-001
3.226461e+003,1.614770e-001
3.227425e+003,1.609624e-001
3.228390e+003,1.639947e-001
3.229354e+003,1.669779e-001
3.230318e+003,1.664929e-001
3.231282e+003,1.658369e-001
3.232247e+003,1.654839e-001
3.233211e+003,1.659078e-001
3.234175e+003,1.688769e-001
3.235139e+003,1.704620e-001
3.236104e+003,1.719386e-001
3.237068e+003,1.727104e-001
3.238032e+003,1.723384e-001
3.238997e+003,1.722544e-001
3.239961e+003,1.714444e-001
3.240925e+003,1.732988e-001
3.241889e+003,1.762605e-001
3.242854e+003,1.779879e-001
3.243818e+003,1.798245e-001
3.244782e+003,1.799166e-001
3.245747e+003,1.767556e-001
3.246711e+003,1.744253e-001
3.247675e+003,1.750195e-001
3.248639e+003,1.770385e-001
3.249604e+003,1.782745e-001
3.250568e+003,1.805840e-001
3.251532e+003,1.815430e-001
3.252496e+003,1.803189e-001
3.253461e+003,1.777049e-001
3.254425e+003,1.775935e-001
3.255389e+003,1.802496e-001
3.256354e+003,1.821537e-001
3.257318e+003,1.832258e-001
3.258282e+003,1.846147e-001
3.259246e+003,1.841357e-001
3.260211e+003,1.812223e-001
3.261175e+003,1.803527e-001
3.262139e+003,1.832349e-001
3.263104e+003,1.867624e-001
3.264068e+003,1.870222e-001
3.265032e+003,1.840207e-001
3.265996e+003,1.831629e-001
3.266960e+003,1.849366e-001
3.267925e+003,1.849922e-001
3.268889e+003,1.848880e-001
3.269853e+003,1.845217e-001
3.270818e+003,1.828640e-001
3.271782e+003,1.809209e-001
3.272746e+003,1.809319e-001
3.273710e+003,1.822063e-001
3.274675e+003,1.816968e-001
3.275639e+003,1.805756e-001
3.276603e+003,1.812942e-001
3.277568e+003,1.822666e-001
3.278532e+003,1.826620e-001
3.279496e+003,1.833387e-001
3.280460e+003,1.831048e-001
3.281425e+003,1.808511e-001
3.282389e+003,1.793191e-001
3.283353e+003,1.781871e-001
3.284317e+003,1.776874e-001
3.285282e+003,1.777795e-001
3.286246e+003,1.785523e-001
3.287210e+003,1.801928e-001
3.288175e+003,1.788001e-001
3.289139e+003,1.770758e-001
3.290103e+003,1.779387e-001
3.291067e+003,1.788320e-001
3.292032e+003,1.797599e-001
3.292996e+003,1.803476e-001
3.293960e+003,1.803242e-001
3.294925e+003,1.801527e-001
3.295889e+003,1.780082e-001
3.296853e+003,1.775030e-001
3.297817e+003,1.781429e-001
3.298781e+003,1.777062e-001
3.299746e+003,1.759904e-001
3.300710e+003,1.736475e-001
3.301674e+003,1.733437e-001
3.302639e+003,1.740765e-001
3.303603e+003,1.760394e-001
3.304567e+003,1.768379e-001
3.305531e+003,1.760354e-001
3.306496e+003,1.749935e-001
3.307460e+003,1.741464e-001
3.308424e+003,1.715493e-001
3.309389e+003,1.704479e-001
3.310353e+003,1.716758e-001
3.311317e+003,1.721505e-001
3.312281e+003,1.733675e-001
3.313246e+003,1.739441e-001
3.314210e+003,1.729389e-001
3.315174e+003,1.725203e-001
3.316138e+003,1.709904e-001
3.317103e+003,1.676675e-001
3.318067e+003,1.680643e-001
3.319031e+003,1.704189e-001
3.319996e+003,1.690338e-001
3.320960e+003,1.680336e-001
3.321924e+003,1.681184e-001
3.322888e+003,1.681579e-001
3.323853e+003,1.682792e-001
3.324817e+003,1.663339e-001
3.325781e+003,1.655394e-001
3.326746e+003,1.646741e-001
3.327710e+003,1.608369e-001
3.328674e+003,1.606588e-001
3.329638e+003,1.637271e-001
3.330603e+003,1.648028e-001
3.331567e+003,1.649186e-001
3.332531e+003,1.629993e-001
3.333495e+003,1.597783e-001
3.334460e+003,1.590489e-001
3.335424e+003,1.586838e-001
3.336388e+003,1.562088e-001
3.337353e+003,1.555319e-001
3.338317e+003,1.572334e-001
3.339281e+003,1.571287e-001
3.340245e+003,1.541278e-001
3.341210e+003,1.528900e-001
3.342174e+003,1.522438e-001
3.343138e+003,1.540514e-001
3.344103e+003,1.552979e-001
3.345067e+003,1.519022e-001
3.346031e+003,1.482100e-001
3.346995e+003,1.473608e-001
3.347959e+003,1.468370e-001
3.348924e+003,1.440538e-001
3.349888e+003,1.419829e-001
3.350852e+003,1.428365e-001
3.351817e+003,1.466955e-001
3.352781e+003,1.473742e-001
3.353745e+003,1.451929e-001
3.354709e+003,1.421300e-001
3.355674e+003,1.377420e-001
3.356638e+003,1.354171e-001
3.357602e+003,1.369586e-001
3.358567e+003,1.372225e-001
3.359531e+003,1.355970e-001
3.360495e+003,1.363820e-001
3.361459e+003,1.362105e-001
3.362424e+003,1.352863e-001
3.363388e+003,1.328888e-001
3.364352e+003,1.320924e-001
3.365316e+003,1.315825e-001
3.366281e+003,1.297523e-001
3.367245e+003,1.289711e-001
3.368209e+003,1.288939e-001
3.369174e+003,1.284039e-001
3.370138e+003,1.269415e-001
3.371102e+003,1.265649e-001
3.372066e+003,1.288234e-001
3.373031e+003,1.263813e-001
3.373995e+003,1.214369e-001
3.374959e+003,1.214634e-001
3.375923e+003,1.216086e-001
3.376888e+003,1.199308e-001
3.377852e+003,1.163719e-001
3.378816e+003,1.159290e-001
3.379781e+003,1.167716e-001
3.380745e+003,1.142323e-001
3.381709e+003,1.129036e-001
3.382673e+003,1.153133e-001
3.383638e+003,1.159710e-001
3.384602e+003,1.128311e-001
3.385566e+003,1.079534e-001
3.386531e+003,1.078321e-001
3.387495e+003,1.113769e-001
3.388459e+003,1.107281e-001
3.389423e+003,1.085793e-001
3.390387e+003,1.102828e-001
3.391352e+003,1.081915e-001
3.392316e+003,1.047072e-001
3.393280e+003,1.040325e-001
3.394245e+003,1.052505e-001
3.395209e+003,1.058695e-001
3.396173e+003,1.017777e-001
3.397137e+003,9.773447e-002
3.398102e+003,1.022674e-001
3.399066e+003,1.039905e-001
3.400030e+003,1.063152e-001
3.400995e+003,1.072811e-001
3.401959e+003,1.051337e-001
3.402923e+003,1.029985e-001
3.403887e+003,1.025709e-001
3.404852e+003,1.027442e-001
3.405816e+003,1.038307e-001
3.406780e+003,1.069865e-001
3.407744e+003,1.118774e-001
3.408709e+003,1.135146e-001
3.409673e+003,1.099817e-001
3.410637e+003,1.090020e-001
3.411602e+003,1.076123e-001
3.412566e+003,1.085365e-001
3.413530e+003,1.143648e-001
3.414494e+003,1.172828e-001
3.415459e+003,1.120147e-001
3.416423e+003,1.120040e-001
3.417387e+003,1.149955e-001
3.418352e+003,1.073687e-001
3.419316e+003,1.019809e-001
3.420280e+003,1.054413e-001
3.421244e+003,1.044268e-001
3.422208e+003,1.006180e-001
3.423173e+003,1.009124e-001
3.424137e+003,1.017821e-001
3.425101e+003,9.996021e-002
3.426066e+003,9.918994e-002
3.427030e+003,9.322655e-002
3.427994e+003,9.105723e-002
3.428958e+003,9.427957e-002
3.429923e+003,9.277020e-002
3.430887e+003,8.475204e-002
3.431851e+003,8.108785e-002
3.432816e+003,8.286206e-002
3.433780e+003,8.681729e-002
3.434744e+003,9.196408e-002
3.435708e+003,9.251588e-002
3.436673e+003,8.873007e-002
3.437637e+003,8.475880e-002
3.438601e+003,8.442256e-002
3.439565e+003,8.398750e-002
3.440530e+003,7.937033e-002
3.441494e+003,7.843834e-002
3.442458e+003,8.213031e-002
3.443423e+003,8.672697e-002
3.444387e+003,8.440268e-002
3.445351e+003,8.415808e-002
3.446315e+003,8.762830e-002
3.447280e+003,8.915563e-002
3.448244e+003,8.833832e-002
3.449208e+003,8.816665e-002
3.450173e+003,8.463981e-002
3.451137e+003,7.934178e-002
3.452101e+003,7.871092e-002
3.453065e+003,8.294143e-002
3.454030e+003,8.925711e-002
3.454994e+003,9.105548e-002
3.455958e+003,8.748853e-002
3.456922e+003,8.641103e-002
3.457887e+003,8.635128e-002
3.458851e+003,8.843119e-002
3.459815e+003,9.052834e-002
3.460780e+003,8.708484e-002
3.461744e+003,8.470754e-002
3.462708e+003,8.679365e-002
3.463672e+003,8.680239e-002
3.464637e+003,8.331478e-002
3.465601e+003,8.320918e-002
3.466565e+003,8.544563e-002
3.467530e+003,8.721744e-002
3.468494e+003,9.171248e-002
3.469458e+003,9.214429e-002
3.470422e+003,8.840508e-002
3.471386e+003,9.098124e-002
3.472351e+003,9.304692e-002
3.473315e+003,9.042901e-002
3.474279e+003,8.683901e-002
3.475244e+003,9.040151e-002
3.476208e+003,9.532240e-002
3.477172e+003,9.467208e-002
3.478136e+003,9.162916e-002
3.479101e+003,8.849444e-002
3.480065e+003,8.431983e-002
3.481029e+003,8.176985e-002
3.481994e+003,8.232650e-002
3.482958e+003,8.512147e-002
3.483922e+003,8.608077e-002
3.484886e+003,8.606692e-002
3.485851e+003,8.405472e-002
3.486815e+003,8.604082e-002
3.487779e+003,8.845016e-002
3.488743e+003,8.303252e-002
3.489708e+003,8.177225e-002
3.490672e+003,8.522576e-002
3.491636e+003,8.445133e-002
3.492601e+003,8.405095e-002
3.493565e+003,8.272250e-002
3.494529e+003,7.976018e-002
3.495493e+003,7.745099e-002
3.496458e+003,7.585256e-002
3.497422e+003,7.621181e-002
3.498386e+003,7.575408e-002
3.499351e+003,7.511581e-002
3.500315e+003,7.361970e-002
3.501279e+003,7.366948e-002
3.502243e+003,7.369637e-002
3.503208e+003,7.634175e-002
3.504172e+003,8.007941e-002
3.505136e+003,7.794048e-002
3.506100e+003,7.434712e-002
3.507065e+003,7.334375e-002
3.508029e+003,7.394167e-002
3.508993e+003,7.500143e-002
3.509958e+003,7.663961e-002
3.510922e+003,7.744057e-002
3.511886e+003,7.647264e-002
3.512850e+003,7.429525e-002
3.513815e+003,7.320415e-002
3.514779e+003,7.353849e-002
3.515743e+003,7.300917e-002
3.516708e+003,7.294877e-002
3.517672e+003,7.140135e-002
3.518636e+003,6.814814e-002
3.519600e+003,6.834565e-002
3.520564e+003,7.371432e-002
3.521529e+003,7.609012e-002
3.522493e+003,7.312557e-002
3.523457e+003,6.925392e-002
3.524422e+003,7.183254e-002
3.525386e+003,7.746046e-002
3.526350e+003,7.657930e-002
3.527314e+003,7.343321e-002
3.528279e+003,7.488504e-002
3.529243e+003,7.606900e-002
3.530207e+003,7.553378e-002
3.531172e+003,7.370077e-002
3.532136e+003,7.057799e-002
3.533100e+003,7.173876e-002
3.534064e+003,7.291243e-002
3.535029e+003,6.965295e-002
3.535993e+003,7.136562e-002
3.536957e+003,7.434633e-002
3.537921e+003,7.053290e-002
3.538886e+003,6.822242e-002
3.539850e+003,6.913273e-002
3.540814e+003,6.905002e-002
3.541779e+003,6.947262e-002
3.542743e+003,7.099561e-002
3.543707e+003,7.228106e-002
3.544671e+003,7.262181e-002
3.545636e+003,7.470870e-002
3.546600e+003,7.436662e-002
3.547564e+003,7.419863e-002
3.548529e+003,7.414293e-002
3.549493e+003,6.981327e-002
3.550457e+003,6.652529e-002
3.551421e+003,6.975588e-002
3.552385e+003,7.641436e-002
3.553350e+003,8.140909e-002
3.554314e+003,8.256234e-002
3.555278e+003,8.192131e-002
3.556243e+003,8.235294e-002
3.557207e+003,8.042072e-002
3.558171e+003,7.929289e-002
3.559135e+003,8.393608e-002
3.560100e+003,8.796618e-002
3.561064e+003,8.321396e-002
3.562028e+003,7.935637e-002
3.562993e+003,7.509375e-002
3.563957e+003,7.542115e-002
3.564921e+003,7.759216e-002
3.565885e+003,7.871418e-002
3.566850e+003,8.331004e-002
3.567814e+003,8.258414e-002
3.568778e+003,8.446159e-002
3.569742e+003,8.670051e-002
3.570707e+003,8.524527e-002
3.571671e+003,8.356814e-002
3.572635e+003,8.291584e-002
3.573600e+003,8.089712e-002
3.574564e+003,8.220581e-002
3.575528e+003,8.329932e-002
3.576492e+003,8.213031e-002
3.577457e+003,8.057741e-002
3.578421e+003,8.136605e-002
3.579385e+003,8.390570e-002
3.580350e+003,8.507846e-002
3.581314e+003,8.518572e-002
3.582278e+003,8.687086e-002
3.583242e+003,8.779309e-002
3.584207e+003,8.687839e-002
3.585171e+003,8.486405e-002
3.586135e+003,8.226556e-002
3.587099e+003,9.123085e-002
3.588064e+003,9.758722e-002
3.589028e+003,9.213286e-002
3.589992e+003,8.883861e-002
3.590957e+003,8.944459e-002
3.591921e+003,9.410424e-002
3.592885e+003,9.841599e-002
3.593849e+003,9.597188e-002
3.594814e+003,9.362316e-002
3.595778e+003,9.200269e-002
3.596742e+003,9.504493e-002
3.597707e+003,9.845606e-002
3.598671e+003,9.714326e-002
3.599635e+003,9.769052e-002
3.600599e+003,9.902617e-002
3.601563e+003,9.683828e-002
3.602528e+003,9.633254e-002
3.603492e+003,9.793033e-002
3.604456e+003,9.795208e-002
3.605421e+003,9.521087e-002
3.606385e+003,9.083757e-002
3.607349e+003,9.672036e-002
3.608313e+003,1.045651e-001
3.609278e+003,1.058514e-001
3.610242e+003,1.046962e-001
3.611206e+003,1.040498e-001
3.612171e+003,1.017148e-001
3.613135e+003,9.985578e-002
3.614099e+003,9.658873e-002
3.615063e+003,9.511361e-002
3.616028e+003,9.421573e-002
3.616992e+003,9.144422e-002
3.617956e+003,9.933589e-002
3.618920e+003,1.088539e-001
3.619885e+003,1.068837e-001
3.620849e+003,1.030337e-001
3.621813e+003,1.013106e-001
3.622778e+003,9.996000e-002
3.623742e+003,9.952556e-002
3.624706e+003,9.696092e-002
3.625670e+003,8.988360e-002
3.626635e+003,8.403229e-002
3.627599e+003,7.968577e-002
3.628563e+003,8.401870e-002
3.629528e+003,9.887762e-002
3.630492e+003,9.723634e-002
3.631456e+003,9.154358e-002
3.632420e+003,8.608025e-002
3.633385e+003,8.489036e-002
3.634349e+003,8.456589e-002
3.635313e+003,8.557675e-002
3.636277e+003,8.314702e-002
3.637242e+003,7.829388e-002
3.638206e+003,7.350403e-002
3.639170e+003,7.306334e-002
3.640135e+003,7.262392e-002
3.641099e+003,6.920037e-002
3.642063e+003,6.461331e-002
3.643027e+003,6.143415e-002
3.643992e+003,5.697847e-002
3.644956e+003,5.356339e-002
3.645920e+003,5.510523e-002
3.646885e+003,5.959906e-002
3.647849e+003,7.015973e-002
3.648813e+003,7.339444e-002
3.649777e+003,7.384992e-002
3.650741e+003,7.114077e-002
3.651706e+003,5.788055e-002
3.652670e+003,4.919780e-002
3.653634e+003,4.428127e-002
3.654599e+003,4.233717e-002
3.655563e+003,4.258559e-002
3.656527e+003,4.562810e-002
3.657491e+003,4.266559e-002
3.658456e+003,3.947234e-002
3.659420e+003,3.707870e-002
3.660384e+003,3.553525e-002
3.661349e+003,3.337964e-002
3.662313e+003,3.066289e-002
3.663277e+003,2.820622e-002
3.664241e+003,2.469352e-002
3.665206e+003,2.045471e-002
3.666170e+003,1.822122e-002
3.667134e+003,1.691650e-002
3.668098e+003,1.787686e-002
3.669063e+003,2.380608e-002
3.670027e+003,2.990908e-002
3.670991e+003,2.916638e-002
3.671956e+003,2.177514e-002
3.672920e+003,1.597146e-002
3.673884e+003,1.232318e-002
3.674848e+003,1.523693e-002
3.675813e+003,3.440326e-002
3.676777e+003,2.804855e-002
3.677741e+003,2.134323e-002
3.678706e+003,1.932721e-002
3.679670e+003,1.795510e-002
3.680634e+003,1.497884e-002
3.681598e+003,1.186593e-002
3.682563e+003,1.051726e-002
3.683527e+003,8.972977e-003
3.684491e+003,7.126740e-003
3.685455e+003,6.701945e-003
3.686420e+003,5.096412e-003
3.687384e+003,5.412803e-003
3.688348e+003,1.255756e-002
3.689313e+003,1.378750e-002
3.690277e+003,2.126813e-002
3.691241e+003,2.634194e-002
3.692205e+003,1.922538e-002
3.693170e+003,1.376082e-002
3.694134e+003,9.753361e-003
3.695098e+003,7.824658e-003
3.696063e+003,7.715062e-003
3.697027e+003,5.234591e-003
3.697991e+003,2.522483e-003
3.698955e+003,1.948637e-003
3.699919e+003,2.442806e-003
3.700884e+003,5.036439e-003
3.701848e+003,1.295860e-002
3.702812e+003,1.124027e-002
3.703777e+003,7.573664e-003
3.704741e+003,6.369113e-003
3.705705e+003,6.196558e-003
3.706669e+003,5.349231e-003
3.707634e+003,1.888166e-003
3.708598e+003,-7.536752e-004
3.709562e+003,6.705344e-003
3.710527e+003,1.375781e-002
3.711491e+003,2.682714e-002
3.712455e+003,2.475291e-002
3.713419e+003,1.420631e-002
3.714384e+003,7.893722e-003
3.715348e+003,4.599719e-003
3.716312e+003,3.654310e-003
3.717276e+003,2.030854e-003
3.718241e+003,1.996002e-003
3.719205e+003,2.397958e-003
3.720169e+003,3.971936e-004
3.721134e+003,7.702871e-004
3.722098e+003,4.510352e-003
3.723062e+003,5.567125e-003
3.724026e+003,8.864579e-003
3.724991e+003,1.629481e-002
3.725955e+003,2.105821e-002
3.726919e+003,1.667404e-002
3.727884e+003,8.386429e-003
3.728848e+003,4.152298e-003
3.729812e+003,1.785115e-003
3.730776e+003,-1.207237e-004
3.731740e+003,5.983790e-003
3.732705e+003,1.140406e-002
3.733669e+003,9.161258e-003
3.734633e+003,2.165424e-002
3.735598e+003,3.483013e-002
3.736562e+003,2.763599e-002
3.737526e+003,1.816214e-002
3.738490e+003,1.279593e-002
3.739455e+003,9.560420e-003
3.740419e+003,1.151238e-002
3.741383e+003,1.037138e-002
3.742348e+003,2.482193e-003
3.743312e+003,-3.032452e-003
3.744276e+003,3.319066e-002
3.745240e+003,3.272238e-002
3.746205e+003,1.635515e-002
3.747169e+003,7.764038e-003
3.748133e+003,9.228944e-003
3.749097e+003,2.113112e-002
3.750062e+003,1.752663e-002
3.751026e+003,2.442225e-002
3.751990e+003,4.255394e-002
3.752955e+003,2.759080e-002
3.753919e+003,1.312505e-002
3.754883e+003,6.171552e-003
3.755847e+003,9.184643e-003
3.756812e+003,1.069694e-002
3.757776e+003,4.920977e-003
3.758740e+003,6.820844e-003
3.759705e+003,1.444760e-002
3.760669e+003,9.789859e-003
3.761633e+003,4.681434e-003
3.762597e+003,1.489109e-003
3.763562e+003,9.546461e-004
3.764526e+003,3.605629e-003
3.765490e+003,7.756145e-003
3.766454e+003,4.527092e-003
3.767419e+003,9.236651e-004
3.768383e+003,1.170312e-003
3.769347e+003,1.121501e-002
3.770312e+003,1.646482e-002
3.771276e+003,9.532443e-003
3.772240e+003,3.714126e-003
3.773204e+003,2.210920e-003
3.774169e+003,2.086218e-003
3.775133e+003,-9.703720e-004
3.776097e+003,-2.954891e-003
3.777062e+003,-2.950021e-003
3.778026e+003,-3.488978e-003
3.778990e+003,6.830318e-004
3.779954e+003,6.138113e-003
3.780918e+003,3.686255e-003
3.781883e+003,1.171376e-003
3.782847e+003,7.513675e-004
3.783811e+003,2.733361e-003
3.784776e+003,7.021361e-003
3.785740e+003,7.167767e-003
3.786704e+003,5.599446e-003
3.787668e+003,2.213718e-003
3.788633e+003,8.841061e-005
3.789597e+003,1.673940e-003
3.790561e+003,1.541411e-003
3.791526e+003,-5.415694e-004
3.792490e+003,-2.439968e-004
3.793454e+003,-2.289316e-003
3.794418e+003,-5.740765e-003
3.795383e+003,-3.576137e-003
3.796347e+003,5.705119e-003
3.797311e+003,6.424091e-003
3.798275e+003,1.757202e-003
3.799240e+003,-1.739660e-003
3.800204e+003,1.601800e-003
3.801168e+003,2.418989e-002
3.802133e+003,2.444696e-002
3.803097e+003,1.096347e-002
3.804061e+003,3.860524e-003
3.805025e+003,1.880013e-003
3.805990e+003,8.745964e-003
3.806954e+003,2.065287e-002
3.807918e+003,1.574292e-002
3.808883e+003,1.002549e-002
3.809847e+003,5.546284e-003
3.810811e+003,6.093315e-004
3.811775e+003,-3.193320e-003
3.812740e+003,-4.246111e-003
3.813704e+003,-7.233812e-003
3.814668e+003,-8.308104e-003
3.815632e+003,1.177090e-002
3.816597e+003,1.554233e-002
3.817561e+003,5.138656e-003
3.818525e+003,3.110437e-003
3.819490e+003,1.464934e-002
3.820454e+003,5.548367e-002
3.821418e+003,4.459145e-002
3.822382e+003,1.827351e-002
3.823347e+003,1.021148e-002
3.824311e+003,6.313839e-003
3.825275e+003,1.197523e-003
3.826240e+003,4.447448e-003
3.827204e+003,1.327889e-002
3.828168e+003,1.057932e-002
3.829132e+003,2.065943e-003
3.830096e+003,-3.848087e-003
3.831061e+003,3.866575e-003
3.832025e+003,1.248049e-002
3.832989e+003,7.161872e-003
3.833954e+003,3.986941e-003
3.834918e+003,7.673781e-003
3.835882e+003,6.961998e-003
3.836846e+003,8.090481e-003
3.837811e+003,1.811623e-002
3.838775e+003,1.776839e-002
3.839739e+003,2.439659e-002
3.840704e+003,2.419564e-002
3.841668e+003,1.235519e-002
3.842632e+003,8.198889e-003
3.843596e+003,1.218436e-002
3.844561e+003,7.265904e-003
3.845525e+003,2.665346e-003
3.846489e+003,2.384898e-003
3.847453e+003,2.532448e-003
3.848418e+003,1.937188e-003
3.849382e+003,3.930097e-003
3.850346e+003,1.308943e-003
3.851311e+003,-4.850146e-003
3.852275e+003,1.283951e-002
3.853239e+003,5.288870e-002
3.854203e+003,4.246324e-002
3.855168e+003,1.928117e-002
3.856132e+003,1.459163e-002
3.857096e+003,1.438817e-002
3.858061e+003,8.363628e-003
3.859025e+003,2.745532e-003
3.859989e+003,1.193984e-004
3.860953e+003,2.710055e-003
3.861917e+003,1.036999e-002
3.862882e+003,8.922613e-003
3.863846e+003,9.665434e-003
3.864810e+003,2.065731e-002
3.865775e+003,1.226196e-002
3.866739e+003,4.152264e-003
3.867703e+003,9.700876e-004
3.868667e+003,7.391732e-003
3.869632e+003,2.990755e-002
3.870596e+003,1.862746e-002
3.871560e+003,9.517168e-003
3.872525e+003,8.495586e-003
3.873489e+003,1.784320e-002
3.874453e+003,1.906831e-002
3.875417e+003,9.464473e-003
3.876382e+003,4.225330e-003
3.877346e+003,1.593708e-004
3.878310e+003,-1.392774e-003
3.879274e+003,9.062663e-004
3.880239e+003,1.195390e-002
3.881203e+003,7.690846e-003
3.882167e+003,1.486050e-003
3.883132e+003,1.581614e-003
3.884096e+003,4.360220e-003
3.885060e+003,1.390329e-002
3.886024e+003,2.079942e-002
3.886989e+003,1.130549e-002
3.887953e+003,3.258301e-003
3.888917e+003,6.344831e-004
3.889882e+003,5.391533e-003
3.890846e+003,1.828446e-002
3.891810e+003,2.030063e-002
3.892774e+003,1.205275e-002
3.893739e+003,7.101277e-003
3.894703e+003,3.427722e-003
3.895667e+003,3.761348e-004
3.896631e+003,-3.140395e-003
3.897596e+003,-5.334978e-003
3.898560e+003,3.417637e-003
3.899524e+003,1.306464e-002
3.900489e+003,1.058546e-002
3.901453e+003,1.411083e-002
3.902417e+003,1.648358e-002
3.903381e+003,1.698875e-002
3.904346e+003,2.501922e-002
3.905310e+003,2.311001e-002
3.906274e+003,1.429547e-002
3.907239e+003,7.492346e-003
3.908203e+003,3.786951e-003
3.909167e+003,6.289416e-004
3.910131e+003,2.625309e-003
3.911095e+003,5.140868e-003
3.912060e+003,2.468330e-003
3.913024e+003,1.633661e-003
3.913988e+003,9.717480e-004
3.914953e+003,-1.115911e-003
3.915917e+003,6.564349e-005
3.916881e+003,5.669130e-003
3.917845e+003,6.700633e-003
3.918810e+003,4.376687e-003
3.919774e+003,7.847161e-003
3.920738e+003,7.023617e-003
3.921703e+003,1.399083e-003
3.922667e+003,-9.293103e-005
3.923631e+003,5.192807e-003
3.924595e+003,8.494167e-003
3.925560e+003,5.290297e-003
3.926524e+003,3.639876e-003
3.927488e+003,2.101933e-003
3.928452e+003,1.832562e-003
3.929417e+003,4.106905e-003
3.930381e+003,4.092857e-003
3.931345e+003,6.795601e-003
3.932310e+003,1.124969e-002
3.933274e+003,9.109316e-003
3.934238e+003,5.309013e-003
3.935202e+003,4.827657e-003
3.936167e+003,5.771462e-003
3.937131e+003,4.274081e-003
3.938095e+003,4.791005e-003
3.939060e+003,5.435618e-003
3.940024e+003,1.917253e-003
3.940988e+003,1.931481e-004
3.941952e+003,3.928525e-003
3.942917e+003,7.953483e-003
3.943881e+003,7.382969e-003
3.944845e+003,8.705126e-003
3.945809e+003,7.359547e-003
3.946774e+003,6.701003e-003
3.947738e+003,7.832147e-003
3.948702e+003,7.025301e-003
3.949667e+003,7.277528e-003
3.950631e+003,4.439213e-003
3.951595e+003,3.299465e-003
3.952559e+003,4.378595e-003
3.953524e+003,4.949999e-003
3.954488e+003,4.618238e-003
3.955452e+003,5.393848e-003
3.956417e+003,7.310010e-003
3.957381e+003,6.169704e-003
3.958345e+003,4.683846e-003
3.959309e+003,3.444120e-003
3.960273e+003,2.039077e-003
3.961238e+003,3.815697e-003
3.962202e+003,6.042012e-003
3.963166e+003,5.558534e-003
3.964131e+003,6.086767e-003
3.965095e+003,6.093790e-003
3.966059e+003,2.502587e-003
3.967023e+003,9.861939e-004
3.967988e+003,2.917021e-003
3.968952e+003,3.604059e-003
3.969916e+003,1.756637e-003
3.970881e+003,8.982312e-004
3.971845e+003,1.862410e-003
3.972809e+003,3.406783e-003
3.973773e+003,3.295892e-003
3.974738e+003,4.594897e-003
3.975702e+003,5.196462e-003
3.976666e+003,4.528565e-003
3.977630e+003,5.470378e-003
3.978595e+003,5.331688e-003
3.979559e+003,3.118146e-003
3.980523e+003,2.622243e-003
3.981488e+003,5.233987e-003
3.982452e+003,5.686218e-003
3.983416e+003,5.521887e-003
3.984380e+003,5.799567e-003
3.985345e+003,5.895044e-003
3.986309e+003,4.527327e-003
3.987273e+003,5.713176e-003
3.988238e+003,7.585398e-003
3.989202e+003,6.844474e-003
3.990166e+003,4.963572e-003
3.991130e+003,2.773475e-003
3.992094e+003,3.153656e-003
3.993059e+003,5.653890e-003
3.994023e+003,5.975761e-003
3.994987e+003,3.966075e-003
3.995952e+003,1.928635e-003
3.996916e+003,2.611076e-003
3.997880e+003,5.062385e-003
3.998844e+003,6.639867e-003
3.999809e+003,7.762318e-003
4.000773e+003,0.000000e+000
